Summary stop stats,,,,,,,,,,,,,,
Selected days,Selected days,01/04/2026 - 30/04/2026,,,,,,,,,,,,
Mean value,Mean value,Average,,,,,,,,,,,,
Columns,Columns,Some are hidden,,,,,,,,,,,,
,,,,,,,,,,,,,,
Stop,Stop,Planned stopping,Planned stopping,IN,IN,OUT,OUT,Frequency of passengers,Frequency of passengers,Occupancy,Occupancy,Occupancy,Occupancy,Delay
Stop,Stop,Planned stopping,Planned stopping,IN,IN,OUT,OUT,Frequency of passengers,Frequency of passengers,Arrival,Arrival,Departure,Departure,Delay
Ident.,Name,APC,All,Σ,Ø,Σ,Ø,Σ,Ø,Σ,Ø,Σ,Ø,Ø
115,Csokonai Színház,1683,8854,10687,6.34997029114676,12711,7.55258467023173,23398,13.9025549613785,20511,12.1871657754011,18461,10.9691027926322,0.00215277777777778
114,Csokonai Színház,1733,8882,12702,7.32948643969994,9380,5.41257934218119,22082,12.7420657818811,16943,9.77668782458165,20198,11.6549336410848,0.00163194444444444
415,Nagyállomás,412,3384,973,2.36165048543689,4007,9.7257281553398,4980,12.0873786407767,6071,14.7354368932039,3005,7.29368932038835,0.00136574074074074
041,Balásházy János Szki.,171,613,310,1.81286549707602,1755,10.2631578947368,2065,12.0760233918129,2218,12.9707602339181,712,4.16374269005848,0.00146990740740741
450,Pac,263,1281,2838,10.7908745247148,0,0,2838,10.7908745247148,6,1.5,2844,10.8136882129278,0.000532407407407407
414,Nagyállomás,1566,6240,15013,9.58684546615581,351,0.224137931034483,15364,9.81098339719029,823,6.00729927007299,15486,9.88888888888889,0.000706018518518518
412,Nagyállomás,2480,9558,0,0,21427,8.63991935483871,21427,8.63991935483871,21588,8.70483870967742,0,,0.00130787037037037
855,Észak-Nyugati Gazdasági Övezet,688,1399,2543,3.69622093023256,3355,4.87645348837209,5898,8.57267441860465,5042,10.35318275154,4141,12.1081871345029,0.0009375
451,Pac,250,1260,0,0,2068,8.272,2068,8.272,2099,8.396,0,,0.00137731481481481
845,Semcorp Hungary Kft.,137,500,421,3.07299270072993,660,4.81751824817518,1081,7.89051094890511,1611,11.7591240875912,1363,9.94890510948905,0.00215277777777778
252,Kölcsey Központ (Hunyadi János utca),1054,4565,3436,3.25996204933586,4748,4.50474383301708,8184,7.76470588235294,14648,13.8975332068311,13341,12.657495256167,0.00197916666666667
327,Klinikai Központ Nagyerdei Campus,806,3617,3387,4.20223325062035,2839,3.52233250620347,6226,7.72456575682382,10887,13.5074441687345,11459,14.2171215880893,0.00175925925925926
035,Klinikai Központ Auguszta,365,1749,1840,5.04109589041096,874,2.39452054794521,2714,7.43561643835616,3105,8.50684931506849,4106,11.2493150684932,0.00114583333333333
551,Kálvin tér,1076,4670,3916,3.63940520446097,3736,3.47211895910781,7652,7.11152416356877,14454,13.4330855018587,14606,13.5743494423792,0.00125
417,Nagyállomás,367,1090,2572,7.00817438692098,0,0,2572,7.00817438692098,3,3,2575,7.01634877384196,0.000150462962962963
419,Nagyállomás,1226,5849,4503,3.67292006525285,4045,3.29934747145188,8548,6.97226753670473,7720,6.29690048939641,8171,19.4085510688836,0.00175925925925926
145,Dóczy József utca,553,2100,1426,2.57866184448463,2404,4.34719710669078,3830,6.92585895117541,8513,15.3942133815552,7503,13.5678119349005,0.00237268518518519
413,Nagyállomás,1560,6114,9798,6.28076923076923,724,0.464102564102564,10522,6.7448717948718,1191,8.82222222222222,10265,6.5801282051282,0.000671296296296296
408,Nádor utca,358,1530,870,2.43016759776536,1502,4.19553072625698,2372,6.62569832402235,4683,13.0810055865922,4035,11.2709497206704,0.00273148148148148
490,Rózsás Csárda,152,780,271,1.78289473684211,697,4.58552631578947,968,6.36842105263158,1599,10.5197368421053,1170,7.69736842105263,0.00201388888888889
476,Rákóczi utca,1054,4565,1957,1.85673624288425,4616,4.37950664136622,6573,6.23624288425048,17298,16.4117647058824,14648,13.8975332068311,0.00206018518518519
488,Rózsás Csárda,252,1480,349,1.38492063492063,1209,4.79761904761905,1558,6.18253968253968,2577,10.2261904761905,1693,6.71825396825397,0.00199074074074074
034,Klinikai Központ Auguszta,737,3661,1399,1.89823609226594,3096,4.20081411126187,4495,6.09905020352782,5622,10.2591240875912,3884,6.97307001795332,0.00186342592592593
680,Auchan Áruház,65,392,173,2.66153846153846,222,3.41538461538462,395,6.07692307692308,222,6.16666666666667,173,5.96551724137931,0.00099537037037037
235,Helyközi autóbusz-állomás,1500,6572,3723,2.482,5265,3.51,8988,5.992,17382,11.588,15819,10.546,0.0019212962962963
326,Klinikai Központ Nagyerdei Campus,986,4604,2478,2.5131845841785,3422,3.47058823529412,5900,5.98377281947262,14928,15.1399594320487,13880,14.0770791075051,0.00174768518518519
143,Dobozi lakótelep,541,2420,1650,3.04990757855823,1331,2.46025878003697,2981,5.51016635859519,6168,11.4011090573013,6504,12.0221811460259,0.00146990740740741
828,Schaeffler Motion Technologies Debrecen,137,500,236,1.72262773722628,518,3.78102189781022,754,5.5036496350365,1363,9.94890510948905,1081,7.89051094890511,0.00215277777777778
102,Főnix Aréna,348,1212,427,1.22701149425287,1431,4.11206896551724,1858,5.33908045977012,3161,9.08333333333334,2131,6.1235632183908,0.00181712962962963
234,Helyközi autóbusz-állomás,2298,11265,6586,2.86597040905135,5423,2.35987815491732,12009,5.22584856396867,20370,8.86422976501306,21527,9.36771105308964,0.00145833333333333
150,Dózsa György utca,193,931,640,3.3160621761658,360,1.86528497409326,1000,5.18134715025907,1397,7.23834196891192,1668,8.64248704663212,0.00194444444444444
852,Nagymacsi út,376,663,919,2.44414893617021,1021,2.71542553191489,1940,5.15957446808511,3816,10.1489361702128,3693,9.8218085106383,0.0012037037037037
184,Főnix Aréna,707,4941,2116,2.99292786421499,1450,2.05091937765205,3566,5.04384724186704,8164,11.5473833097595,8827,12.4851485148515,0.00165509259259259
126,Egyetem,986,4604,1873,1.89959432048682,3017,3.05983772819473,4890,4.95943204868154,16055,16.2829614604462,14928,15.1399594320487,0.00165509259259259
183,Főnix Aréna,1104,6120,2657,2.40670289855072,2736,2.47826086956522,5393,4.88496376811594,12843,11.633152173913,12758,11.5561594202899,0.00219907407407407
278,Kadosa utca,326,1420,1536,4.71165644171779,38,0.116564417177914,1574,4.82822085889571,1138,3.49079754601227,2646,8.11656441717791,0.000868055555555556
294,Kemény Zsigmond utca,766,4980,1211,1.58093994778068,2451,3.19973890339426,3662,4.78067885117494,9436,12.3185378590078,8219,10.7297650130548,0.00196759259259259
142,Dobozi lakótelep,932,5498,2286,2.45278969957082,2136,2.29184549356223,4422,4.74463519313305,9700,10.4077253218884,9857,10.5761802575107,0.00115740740740741
101,Burgundia utca,573,3351,1289,2.24956369982548,1338,2.33507853403141,2627,4.58464223385689,8172,14.261780104712,8121,14.1727748691099,0.00107638888888889
026,Árpád tér,894,5662,2348,2.62639821029083,1715,1.91834451901566,4063,4.54474272930649,10842,12.1275167785235,11463,12.8221476510067,0.00173611111111111
025,Árpád tér,989,5766,2352,2.37815975733064,2120,2.14357937310415,4472,4.52173913043478,12578,12.7178968655207,12814,12.9565217391304,0.00194444444444444
853,Beszállítói Park,376,663,731,1.94414893617021,964,2.56382978723404,1695,4.50797872340426,3693,9.8218085106383,3438,9.1436170212766,0.00142361111111111
510,Segner tér,1370,6433,5711,4.16861313868613,435,0.317518248175182,6146,4.48613138686131,5134,15.7969230769231,10408,7.5970802919708,0.00109953703703704
295,Kemény Zsigmond utca,707,4941,2340,3.30975954738331,778,1.1004243281471,3118,4.41018387553041,6603,9.33946251768034,8164,11.5473833097595,0.00113425925925926
512,Segner tér,630,3070,0,0,2717,4.31269841269841,2717,4.31269841269841,2726,4.32698412698413,0,,0.00173611111111111
817,Krones Hungary Kft.,137,500,280,2.04379562043796,304,2.21897810218978,584,4.26277372262774,1803,21.9878048780488,1777,12.970802919708,0.000300925925925926
489,Rózsás Csárda,468,2862,1471,3.14316239316239,519,1.10897435897436,1990,4.25213675213675,2944,6.29059829059829,3898,8.32905982905983,0.00136574074074074
268,Józsakert utca,203,1107,188,0.926108374384236,661,3.25615763546798,849,4.18226600985222,1276,6.28571428571428,803,3.95566502463054,0.00168981481481481
509,Segner tér,1358,8189,4232,3.11634756995582,1278,0.941089837997054,5510,4.05743740795287,6862,10.2724550898204,9817,7.22901325478645,0.00128472222222222
172,Faraktár utca,1173,4954,1996,1.70161977834612,2736,2.33248081841432,4732,4.03410059676044,13926,11.8721227621483,13162,11.2208013640239,0.00186342592592593
261,Jánosi utca,296,1530,870,2.93918918918919,318,1.07432432432432,1188,4.01351351351351,1864,6.2972972972973,2416,8.16216216216216,0.00178240740740741
616,Zsibogó,487,2719,479,0.983572895277207,1452,2.98151950718686,1931,3.96509240246407,5957,12.2320328542094,4971,10.2073921971253,0.00152777777777778
391,Mechwart András Szki.,1068,6598,1832,1.71535580524345,2338,2.18913857677903,4170,3.90449438202247,7755,7.26123595505618,7246,6.78464419475655,0.000729166666666667
227,Határ úti Ipari Park,156,640,22,0.141025641025641,585,3.75,607,3.89102564102564,1688,10.8205128205128,1125,7.21153846153846,0.00140046296296296
831,Sensirion Hungary Kft.,51,340,127,2.49019607843137,70,1.37254901960784,197,3.86274509803922,373,7.31372549019608,429,8.41176470588235,0.00106481481481481
310,Kinizsi Nyomda,509,2295,997,1.95874263261297,964,1.89390962671906,1961,3.85265225933202,967,3.97942386831276,997,3.74812030075188,0.00153935185185185
346,Kölcsey Központ (Hunyadi János utca),1076,4670,2297,2.13475836431227,1835,1.70539033457249,4132,3.84014869888476,14018,13.0278810408922,14454,13.4330855018587,0.00138888888888889
094,Brassai Sámuel Szki.,539,2408,1228,2.27829313543599,821,1.52319109461967,2049,3.80148423005566,5769,10.7031539888683,6166,11.4397031539889,0.00122685185185185
068,Benedek Elek tér,133,340,420,3.1578947368421,85,0.639097744360902,505,3.79699248120301,775,5.82706766917293,1138,8.55639097744361,0.000555555555555556
106,Csapó utca,933,4705,2726,2.92175777063237,786,0.842443729903537,3512,3.76420150053591,11043,11.8360128617363,12955,13.8853161843516,0.00157407407407407
243,Holló László sétány,1517,7784,4418,2.91232696110745,1272,0.838497033618985,5690,3.75082399472643,6346,4.18325642715887,9489,6.25510876730389,0.00146990740740741
093,Brassai Sámuel Szki.,932,5498,1683,1.80579399141631,1787,1.91738197424893,3470,3.72317596566524,9857,10.5761802575107,9745,10.456008583691,0.00134259259259259
429,Nagymacs. Kastélykert utca,90,485,78,0.866666666666667,252,2.8,330,3.66666666666667,337,3.74444444444444,163,1.81111111111111,0.00126157407407407
176,Felsőjózsai utca,264,1600,218,0.825757575757576,745,2.8219696969697,963,3.64772727272727,1042,4.91509433962264,495,2.42647058823529,0.00199074074074074
032,Attila tér,377,1595,999,2.6498673740053,366,0.970822281167109,1365,3.62068965517241,4748,12.5941644562334,5376,14.2599469496021,0.00180555555555556
029,Árpád Vezér Általános Iskola,1139,5492,1509,1.32484635645303,2582,2.26690079016681,4091,3.59174714661984,11021,9.67603160667252,9946,8.73222124670764,0.00206018518518519
173,Faraktár utca,1472,7138,3642,2.4741847826087,1558,1.05842391304348,5200,3.53260869565217,16342,11.101902173913,18418,12.5122282608696,0.00221064814814815
193,Gönczy Pál Általános Iskola,122,692,288,2.36065573770492,138,1.13114754098361,426,3.49180327868852,819,6.71311475409836,969,7.94262295081967,0.000613425925925926
259,István út,409,1994,1355,3.31295843520782,49,0.119804400977995,1404,3.43276283618582,1145,2.79951100244499,2471,6.04156479217604,0.000833333333333333
582,Vadliba utca,351,1457,106,0.301994301994302,1089,3.1025641025641,1195,3.4045584045584,3680,10.4843304843305,2691,7.66666666666667,0.0021412037037037
392,Mechwart András Szki.,997,4741,848,0.850551654964895,2533,2.54062186559679,3381,3.39117352056168,7113,7.13440320962889,5395,5.41123370110331,0.00162037037037037
144,Dóczy József utca,693,3041,1331,1.92063492063492,991,1.43001443001443,2322,3.35064935064935,7422,10.7099567099567,7760,11.1976911976912,0.00170138888888889
681,Dózsa György utca,180,910,306,1.7,294,1.63333333333333,600,3.33333333333333,2510,13.9444444444444,2516,13.9777777777778,0.00216435185185185
042,Balásházy János Szki.,152,588,473,3.11184210526316,33,0.217105263157895,506,3.32894736842105,368,2.42105263157895,808,5.31578947368421,0.0012037037037037
487,Rigó utca,479,2719,1267,2.64509394572025,327,0.682672233820459,1594,3.32776617954071,4563,9.52609603340292,5531,11.5469728601253,0.00127314814814815
384,Malompark,447,1374,1056,2.36241610738255,425,0.950782997762864,1481,3.31319910514541,4462,9.9821029082774,5089,11.3847874720358,0.000960648148148148
458,Pallag,323,1201,368,1.13931888544892,699,2.1640866873065,1067,3.30340557275542,712,4.16374269005848,368,2.42105263157895,0.000625
139,Doberdó utca,831,3724,2038,2.45246690734055,706,0.849578820697954,2744,3.30204572803851,6986,13.4346153846154,8332,10.0264741275572,0.00108796296296296
646,Doberdó utca,294,1070,0,0,946,3.21768707482993,946,3.21768707482993,950,3.2312925170068,0,,0.00315972222222222
297,Klinikai Központ Kenézy Campus,718,2950,1812,2.52367688022284,497,0.692200557103064,2309,3.2158774373259,7770,10.8217270194986,9119,12.7005571030641,0.00145833333333333
827,Deufol Hungary Kft.,137,500,137,1,303,2.21167883211679,440,3.21167883211679,1777,12.970802919708,1611,11.7591240875912,0.00150462962962963
188,Füredi út,1281,6208,2089,1.63075722092116,2010,1.56908665105386,4099,3.19984387197502,11599,9.05464480874317,11645,9.09055425448868,0.00206018518518519
563,Tiborc utca,141,1117,433,3.0709219858156,15,0.106382978723404,448,3.17730496453901,215,1.52482269503546,647,4.5886524822695,0.00100694444444444
572,Tőzsér utca,409,1994,1235,3.01955990220049,62,0.15158924205379,1297,3.17114914425428,2471,6.04156479217604,3656,8.93887530562347,0.000914351851851852
228,Határ úti Ipari Park,151,660,464,3.07284768211921,14,0.0927152317880795,478,3.16556291390728,836,5.5364238410596,1286,8.51655629139073,0.000717592592592593
583,Vadliba utca,355,1465,1093,3.07887323943662,28,0.0788732394366197,1121,3.15774647887324,2888,8.13521126760564,3962,11.1605633802817,0.00111111111111111
562,Tiborc utca,148,1117,19,0.128378378378378,448,3.02702702702703,467,3.1554054054054,689,4.6554054054054,250,1.68918918918919,0.00122685185185185
456,Pál utca,122,692,354,2.9016393442623,30,0.245901639344262,384,3.14754098360656,495,4.05737704918033,819,6.71311475409836,0.000729166666666667
262,Jánosi utca,319,1491,181,0.567398119122257,805,2.52351097178683,986,3.09090909090909,2250,7.05329153605016,1610,5.04702194357367,0.00171296296296296
766,Árpád Vezér Általános Iskola,1115,5438,2395,2.14798206278027,1051,0.942600896860986,3446,3.09058295964126,9513,8.53183856502242,10861,9.74080717488789,0.00119212962962963
407,Műanyaggyár,307,1300,426,1.38762214983713,521,1.6970684039088,947,3.08469055374593,1366,5.05925925925926,1271,4.7781954887218,0.0009375
473,Pósa utca,873,3367,294,0.336769759450172,2394,2.74226804123711,2688,3.07903780068729,9947,11.3940435280641,7742,8.91935483870968,0.00103009259259259
187,Füredi út,1322,6422,2685,2.03101361573374,1383,1.04614220877458,4068,3.07715582450832,11897,8.99924357034796,13204,9.98789712556732,0.00179398148148148
069,Bercsényi utca,933,4705,1173,1.2572347266881,1685,1.80600214362272,2858,3.06323687031083,12774,13.6913183279743,12269,13.1500535905681,0.00164351851851852
013,DE Böszörményi úti Campus,1143,5563,1785,1.56167979002625,1696,1.4838145231846,3481,3.04549431321085,10365,9.06824146981627,10452,9.14435695538058,0.00179398148148148
286,Károli Gáspár tér,562,2270,767,1.36476868327402,941,1.67437722419929,1708,3.03914590747331,8021,14.2722419928826,7852,13.9715302491103,0.00101851851851852
296,Klinikai Központ Kenézy Campus,427,1640,140,0.327868852459016,1148,2.68852459016393,1288,3.01639344262295,6920,16.2060889929742,5900,13.8173302107728,0.000833333333333333
231,Házgyár utca,514,1870,91,0.17704280155642,1459,2.83852140077821,1550,3.01556420233463,2883,5.60894941634241,1458,2.83657587548638,0.0012962962962963
385,Malompark,576,1926,939,1.63020833333333,795,1.38020833333333,1734,3.01041666666667,5136,8.91666666666666,5286,9.17708333333334,0.00209490740740741
177,Felsőjózsai utca,196,1006,412,2.10204081632653,177,0.903061224489796,589,3.00510204081633,262,2.54368932038835,474,4.01694915254237,0.00068287037037037
532,Széna tér,852,3697,1426,1.67370892018779,1134,1.33098591549296,2560,3.00469483568075,1160,2.71662763466042,1444,3.30434782608696,0.000775462962962963
573,Tőzsér utca,531,2564,107,0.2015065913371,1480,2.78719397363465,1587,2.98870056497175,4772,8.98681732580038,3366,6.33898305084746,0.00197916666666667
249,Hun utca,884,3061,634,0.717194570135746,2007,2.27036199095023,2641,2.98755656108597,8403,9.50565610859729,7006,7.92533936651584,0.000625
843,Doberdó utca,590,2645,575,0.974576271186441,1172,1.9864406779661,1747,2.96101694915254,8722,14.7830508474576,8099,13.7271186440678,0.00152777777777778
535,Szent Anna utca ,362,1635,293,0.80939226519337,772,2.13259668508287,1065,2.94198895027624,6168,17.0386740331492,5689,15.7154696132597,0.00114583333333333
570,Torockó utca,468,1700,1267,2.70726495726496,103,0.22008547008547,1370,2.92735042735043,2097,4.48076923076923,3282,7.01282051282051,0.000949074074074074
613,Wesselényi utca,1096,5291,1327,1.21076642335766,1844,1.68248175182482,3171,2.89324817518248,12286,11.2098540145985,11705,10.6797445255474,0.00199074074074074
083,Bolyai utca,358,1530,433,1.20949720670391,601,1.67877094972067,1034,2.88826815642458,3689,10.304469273743,3512,9.81005586592179,0.00270833333333333
263,Jégcsarnok,473,2774,1363,2.8816067653277,0,0,1363,2.8816067653277,0,,1363,2.8816067653277,0.000173611111111111
014,DE Böszörményi úti Campus,1168,5687,1859,1.5916095890411,1478,1.26541095890411,3337,2.85702054794521,10303,8.82106164383562,10622,9.09417808219178,0.00203703703703704
620,Inter Tan-Ker Zrt.,733,2477,1028,1.40245566166439,1065,1.45293315143247,2093,2.85538881309686,1617,4.30053191489362,1578,3.16867469879518,0.00188657407407407
266,Jókai utca,961,4191,977,1.01664932362123,1765,1.8366285119667,2742,2.85327783558793,9830,10.2289281997919,9025,9.39125910509886,0.00193287037037037
457,Pál utca,60,410,25,0.416666666666667,146,2.43333333333333,171,2.85,333,5.55,212,3.53333333333333,0.00167824074074074
314,Kishegyesi út,1455,6464,2129,1.46323024054983,2014,1.38419243986254,4143,2.84742268041237,14572,10.0151202749141,14658,10.0742268041237,0.00185185185185185
242,Holló László sétány,1553,7731,1344,0.865421764327109,3015,1.94140373470702,4359,2.80682549903413,7971,5.13264649066323,6206,3.99613650998068,0.00221064814814815
107,Csemete utca,180,910,178,0.988888888888889,327,1.81666666666667,505,2.80555555555556,2672,14.8444444444444,2510,13.9444444444444,0.00197916666666667
260,István út,882,3999,161,0.182539682539683,2310,2.61904761904762,2471,2.8015873015873,5976,6.77551020408163,3794,4.3015873015873,0.0025
133,Derék utca - Jégcsarnok,1080,4957,469,0.434259259259259,2549,2.36018518518519,3018,2.79444444444444,8763,8.11388888888889,6608,6.11851851851852,0.00248842592592593
070,Bercsényi utca,867,4638,1527,1.76124567474048,892,1.02883506343714,2419,2.79008073817762,12641,14.5801614763552,13275,15.3114186851211,0.00153935185185185
072,Berek utca,867,4638,1466,1.69088811995386,953,1.09919261822376,2419,2.79008073817762,13275,15.3114186851211,13774,15.8869665513264,0.00157407407407407
170,Fancsika,246,711,32,0.130081300813008,651,2.64634146341463,683,2.77642276422764,1856,7.54471544715447,1206,4.90243902439024,0.000625
021,Alsójózsai utca,416,2817,493,1.18509615384615,653,1.56971153846154,1146,2.75480769230769,680,3.07692307692308,516,2.50485436893204,0.00143518518518519
168,Schaeffler Debrecen Kft.,257,967,20,0.0778210116731518,685,2.66536964980545,705,2.7431906614786,2030,7.8988326848249,1365,5.31128404669261,0.00109953703703704
569,Torockó utca,455,1700,245,0.538461538461538,998,2.19340659340659,1243,2.73186813186813,3574,7.85494505494506,2771,6.09010989010989,0.000740740740740741
471,Pohl Ferenc utca,496,2557,253,0.51008064516129,1096,2.20967741935484,1349,2.71975806451613,4458,8.98790322580645,3601,7.26008064516129,0.00186342592592593
272,Júlia-telep,486,2111,899,1.84979423868313,422,0.868312757201646,1321,2.71810699588477,1434,2.95061728395062,1912,3.93415637860082,0.00247685185185185
651,Ozmán utca,365,1271,463,1.26849315068493,527,1.44383561643836,990,2.71232876712329,2626,7.1945205479452,2544,6.96986301369863,0.000601851851851852
362,Laktanya utca,892,5650,1475,1.65358744394619,941,1.05493273542601,2416,2.7085201793722,10283,11.5280269058296,10836,12.1479820627803,0.00199074074074074
057,Bayk András utca,413,1835,214,0.518159806295399,904,2.18886198547216,1118,2.70702179176755,1854,4.48910411622276,1150,4.73251028806584,0.00193287037037037
599,Vendég utca,591,2598,1042,1.76311336717428,557,0.942470389170897,1599,2.70558375634518,6872,11.6277495769882,7358,12.4500846023689,0.00127314814814815
141,Doberdó utca,487,2245,1308,2.68583162217659,0,0,1308,2.68583162217659,0,,1308,2.68583162217659,0.000347222222222222
146,Domokos Lajos utca,398,1306,266,0.668341708542714,800,2.01005025125628,1066,2.678391959799,4158,10.4472361809045,3734,9.38190954773869,0.00175925925925926
472,Pohl Ferenc utca,444,1830,849,1.91216216216216,334,0.752252252252252,1183,2.66441441441441,4680,10.5405405405405,5256,11.8378378378378,0.000706018518518518
519,Sesztina utca,531,2564,628,1.18267419962335,776,1.46139359698682,1404,2.64406779661017,5405,10.1789077212806,5267,9.91902071563089,0.00199074074074074
466,Petőfi Sándor Általános Iskola,274,1420,300,1.09489051094891,424,1.54744525547445,724,2.64233576642336,4590,16.7518248175182,4638,16.9270072992701,0.00131944444444444
428,Nagymacs,192,970,342,1.78125,163,0.848958333333334,505,2.63020833333333,163,1.81111111111111,342,3.35294117647059,0.000856481481481481
071,Berek utca,933,4705,1139,1.22079314040729,1313,1.40728831725616,2452,2.62808145766345,12955,13.8853161843516,12774,13.6913183279743,0.0015625
352,Köztemető. főkapu,541,3650,857,1.58410351201479,553,1.02218114602588,1410,2.60628465804067,5685,18.7623762376238,5974,11.0425138632163,0.00127314814814815
445,Ótemető utca,263,941,241,0.916349809885932,444,1.68821292775665,685,2.60456273764259,2970,11.2927756653992,2775,10.5513307984791,0.00125
552,Szoboszlói út,443,1940,937,2.11512415349887,212,0.478555304740406,1149,2.59367945823928,2976,6.71783295711061,3700,8.35214446952596,0.00137731481481481
513,Segner tér,1466,8551,307,0.209413369713506,3488,2.37926330150068,3795,2.58867667121419,7113,4.85197817189632,3913,9.22877358490566,0.00196759259259259
351,Köztemető. főkapu,570,3690,507,0.889473684210526,966,1.69473684210526,1473,2.58421052631579,7306,12.8175438596491,6846,21.0646153846154,0.00188657407407407
117,Csokonai Vitéz Mihály Gimnázium,38,156,55,1.44736842105263,43,1.13157894736842,98,2.57894736842105,780,20.5263157894737,790,20.7894736842105,0.00167824074074074
081,TEVA Gyógyszergyár,423,1720,428,1.01182033096927,659,1.55791962174941,1087,2.56973995271868,2979,7.83947368421053,2737,7.7316384180791,0.00177083333333333
463,Pesti utca,1530,7105,1386,0.905882352941176,2539,1.65947712418301,3925,2.56535947712418,14620,9.55555555555556,13472,8.80522875816994,0.00217592592592593
100,Burgundia utca,617,3313,898,1.45542949756888,672,1.08914100486224,1570,2.54457050243112,7910,12.8200972447326,8133,13.1815235008104,0.00142361111111111
323,Klaipeda utca,377,1595,632,1.6763925729443,320,0.848806366047746,952,2.52519893899204,5376,14.2599469496021,5689,15.0901856763926,0.00164351851851852
347,Kölcsey Központ (Bethlen utca),1076,4400,1666,1.54832713754647,1049,0.974907063197026,2715,2.52323420074349,12662,11.7676579925651,13290,12.3513011152416,0.00128472222222222
050,Szent Efrém Általános Iskola,1493,7164,1708,1.14400535833892,2047,1.37106496985934,3755,2.51507032819826,17977,12.0408573342264,17643,11.8171466845278,0.00162037037037037
219,Harmat utca,103,671,74,0.718446601941748,183,1.77669902912621,257,2.49514563106796,364,3.53398058252427,252,2.44660194174757,0.000694444444444444
653,Hárs utca,365,1271,494,1.35342465753425,403,1.1041095890411,897,2.45753424657534,2603,7.13150684931507,2680,7.34246575342466,0.000949074074074074
313,Kishatár utca,682,2548,1280,1.87683284457478,392,0.574780058651026,1672,2.45161290322581,969,2.09287257019438,1844,3.94017094017094,0.00115740740740741
246,Honvéd utca,801,3098,1579,1.97128589263421,381,0.47565543071161,1960,2.44694132334582,9331,11.6491885143571,10561,13.1847690387016,0.000613425925925926
315,Kishegyesi út,2063,9024,2645,1.28211342704799,2395,1.16093068347067,5040,2.44304411051866,21004,10.1812893843917,21258,10.3044110518662,0.00172453703703704
137,Diószegi út,393,2078,643,1.63613231552163,311,0.791348600508906,954,2.42748091603053,2803,7.1323155216285,3135,7.97709923664122,0.00145833333333333
522,Sipos utca,479,2719,943,1.96868475991649,193,0.402922755741127,1136,2.37160751565762,3803,7.93945720250522,4563,9.52609603340292,0.00118055555555556
553,Szoboszlói út,408,1930,209,0.512254901960784,757,1.85539215686275,966,2.36764705882353,3596,8.81372549019608,3040,7.45098039215686,0.00207175925925926
527,Somlyai utca,447,1571,418,0.935123042505593,633,1.41610738255034,1051,2.35123042505593,4891,10.9418344519016,4693,10.4988814317673,0.000833333333333333
357,Lahner utca,259,1005,244,0.942084942084942,364,1.40540540540541,608,2.34749034749035,892,3.44401544401544,772,2.98069498069498,0.0012037037037037
514,Segner tér,945,3876,1256,1.32910052910053,953,1.00846560846561,2209,2.33756613756614,10679,11.3005291005291,11003,11.6433862433862,0.000578703703703704
631,Tessedik Sámuel utca,137,660,288,2.1021897810219,32,0.233576642335766,320,2.33576642335766,567,4.13868613138686,823,6.00729927007299,0.000636574074074074
122,Deák Ferenc utca,152,780,12,0.0789473684210526,341,2.24342105263158,353,2.32236842105263,1170,7.69736842105263,830,5.46052631578947,0.0021875
436,Nyék utca,391,1906,794,2.0306905370844,114,0.29156010230179,908,2.32225063938619,2036,5.20716112531969,2742,7.01278772378517,0.0018287037037037
332,Komáromi Csipkés György tér,1199,4984,2193,1.82902418682235,580,0.483736447039199,2773,2.31276063386155,10312,8.60050041701418,11961,9.97581317764804,0.00143518518518519
474,Pósa utca,1111,3930,2130,1.91719171917192,433,0.38973897389739,2563,2.30693069306931,8051,7.35251141552512,9754,8.77947794779478,0.00105324074074074
206,Debreceni Törvényszék,1682,8824,2554,1.51843043995244,1319,0.784185493460166,3873,2.3026159334126,18459,10.974435196195,19689,11.705707491082,0.00195601851851852
194,Gönczy Pál Általános Iskola,60,410,63,1.05,75,1.25,138,2.3,345,5.75,333,5.55,0.00244212962962963
077,Bihari utca,638,3370,270,0.423197492163009,1195,1.8730407523511,1465,2.29623824451411,5272,8.26332288401254,4323,6.77586206896552,0.00172453703703704
120,DAB-székház,371,1551,596,1.60646900269542,253,0.681940700808625,849,2.28840970350404,2149,5.79245283018868,2493,6.71967654986523,0.00211805555555556
411,Nagy Lajos király tér,386,1847,438,1.13471502590674,445,1.15284974093264,883,2.28756476683938,4871,12.619170984456,4867,12.6088082901554,0.00163194444444444
361,Laktanya utca,989,5766,709,0.716885743174924,1549,1.56622851365015,2258,2.28311425682508,12814,12.9565217391304,11980,12.11324570273,0.00194444444444444
285,Kardos utca,146,410,147,1.00684931506849,186,1.27397260273973,333,2.28082191780822,1980,13.5616438356164,1943,13.3082191780822,0.00168981481481481
393,Mechwart András Szki.,341,1437,685,2.00879765395894,92,0.269794721407625,777,2.27859237536657,2575,7.55131964809384,3168,9.29032258064516,0.000462962962962963
444,Ótemető utca,630,4028,904,1.43492063492064,529,0.83968253968254,1433,2.27460317460317,6870,10.9047619047619,7266,11.5333333333333,0.000925925925925926
264,Jégcsarnok,457,2804,0,0,1035,2.26477024070022,1035,2.26477024070022,1096,2.39824945295405,0,,0.00232638888888889
331,Komáromi Csipkés György tér,1058,4384,704,0.665406427221172,1690,1.59735349716446,2394,2.26275992438563,10130,9.57466918714556,9097,8.59829867674858,0.00179398148148148
196,Gyepűsor utca,1654,7030,2656,1.60580411124547,1042,0.629987908101572,3698,2.23579201934704,12751,7.70918984280532,14464,8.74486094316808,0.00136574074074074
140,Doberdó utca,487,2140,0,0,1078,2.2135523613963,1078,2.2135523613963,1085,2.22792607802875,0,,0.0034375
586,Vágóhíd utca,399,1950,423,1.06015037593985,459,1.15037593984962,882,2.21052631578947,5594,14.0200501253133,5557,13.9273182957393,0.0019212962962963
305,Keresztesi utca,355,1465,670,1.88732394366197,109,0.307042253521127,779,2.1943661971831,3962,11.1605633802817,4529,12.7577464788732,0.00118055555555556
322,Klaipeda utca,362,1635,340,0.939226519337016,439,1.21270718232044,779,2.15193370165746,6265,17.3066298342541,6168,17.0386740331492,0.00121527777777778
542,Szivárvány utca,151,780,313,2.07284768211921,11,0.0728476821192053,324,2.14569536423841,758,5.01986754966887,1069,7.0794701986755,0.00123842592592593
292,Kassai út,707,4941,805,1.13861386138614,712,1.00707213578501,1517,2.14568599717115,6483,11.3736842105263,6603,9.33946251768034,0.00112268518518519
155,Egyetem tér,386,1847,554,1.43523316062176,271,0.702072538860104,825,2.13730569948187,4560,11.8134715025907,4871,12.619170984456,0.00162037037037037
356,Kürtös utca,351,1435,219,0.623931623931624,529,1.50712250712251,748,2.13105413105413,3538,10.0797720797721,3215,9.15954415954416,0.00228009259259259
453,Fóliás utca,146,1177,289,1.97945205479452,22,0.150684931506849,311,2.13013698630137,1205,8.25342465753425,1483,10.1575342465753,0.00100694444444444
159,Endre utca,262,1191,437,1.66793893129771,121,0.461832061068702,558,2.12977099236641,958,3.65648854961832,1277,4.87404580152672,0.00138888888888889
152,Egyetem sugárút,418,1894,708,1.69377990430622,181,0.433014354066986,889,2.12679425837321,6555,15.6818181818182,7103,16.9928229665072,0.000856481481481481
626,Tudáspark,512,2555,223,0.435546875,862,1.68359375,1085,2.119140625,1922,3.75390625,1278,2.49609375,0.00201388888888889
056,Bartók Béla út,446,1660,862,1.93273542600897,79,0.177130044843049,941,2.10986547085202,4620,10.3587443946188,5406,12.1210762331839,0.00121527777777778
148,Dorottya utca,1654,7030,2851,1.72370012091898,615,0.371825876662636,3466,2.09552599758162,14464,8.74486094316808,16728,10.1136638452237,0.00170138888888889
359,Lahner utca 53.,259,1005,313,1.20849420849421,228,0.88030888030888,541,2.08880308880309,772,2.98069498069498,857,3.30888030888031,0.00135416666666667
517,Biczókert utca,153,1177,23,0.150326797385621,295,1.9281045751634,318,2.07843137254902,1824,11.921568627451,1512,9.88235294117647,0.00248842592592593
207,Haláp,329,975,376,1.14285714285714,304,0.924012158054711,680,2.06686930091185,313,1.92024539877301,376,2.26506024096386,-4.62962962962963e-05
566,Tócóskert tér,1285,6473,249,0.193774319066148,2397,1.86536964980545,2646,2.0591439688716,6474,5.03813229571984,4222,3.28560311284047,0.00255787037037037
053,Barátság utca,103,671,105,1.01941747572816,107,1.03883495145631,212,2.05825242718447,264,2.5631067961165,262,2.54368932038835,0.000960648148148148
617,Zsibogó,399,1950,153,0.383458646616541,668,1.67418546365915,821,2.05764411027569,6107,15.3057644110276,5594,14.0200501253133,0.001875
062,Békessy Béla utca,1168,5687,1286,1.10102739726027,1110,0.950342465753425,2396,2.0513698630137,10139,8.68065068493151,10303,8.82106164383562,0.00199074074074074
153,Egyetem sugárút,719,2950,556,0.773296244784423,918,1.27677329624478,1474,2.05006954102921,7695,10.702364394993,7316,10.1752433936022,0.00162037037037037
250,Hun utca,883,3061,1573,1.78142695356738,225,0.254813137032843,1798,2.03624009060023,5947,6.73499433748584,7295,8.26160815402038,0.000578703703703704
200,Hadházi út,178,620,299,1.67977528089888,63,0.353932584269663,362,2.03370786516854,2104,11.8202247191011,2336,13.123595505618,0.00289351851851852
111,Cseresznye utca,246,1297,132,0.536585365853659,368,1.49593495934959,500,2.03252032520325,856,3.47967479674797,608,2.47154471544715,0.00128472222222222
116,Csokonai Vitéz Mihály Gimnázium,37,226,9,0.243243243243243,66,1.78378378378378,75,2.02702702702703,325,8.78378378378378,265,7.16216216216216,0.001875
410,Nagy Lajos király tér,418,1894,554,1.32535885167464,291,0.696172248803828,845,2.02153110047847,7103,16.9928229665072,7366,17.622009569378,0.00106481481481481
788,Szent Efrém Általános Iskola,1472,7138,1584,1.07608695652174,1386,0.941576086956522,2970,2.01766304347826,18418,12.5122282608696,18655,12.6732336956522,0.0024537037037037
058,Bayk András utca,430,1820,846,1.96744186046512,21,0.0488372093023256,867,2.01627906976744,1130,4.18518518518518,1965,4.56976744186046,0.00100694444444444
595,Vécsey utca,728,3949,821,1.12774725274725,638,0.876373626373626,1459,2.00412087912088,9784,13.4395604395604,9956,13.6758241758242,0.00152777777777778
372,Lovas utca,302,1470,119,0.394039735099338,484,1.60264900662252,603,1.99668874172185,730,2.41721854304636,330,1.09271523178808,0.00217592592592593
199,Hadházi út,184,653,86,0.467391304347826,281,1.52717391304348,367,1.9945652173913,2370,12.8804347826087,2178,11.8369565217391,0.00185185185185185
055,Bartók Béla út,214,848,28,0.130841121495327,398,1.85981308411215,426,1.99065420560748,3388,15.8317757009346,2972,13.8878504672897,0.00103009259259259
381,Madách tér,303,1427,413,1.36303630363036,188,0.62046204620462,601,1.98349834983498,4832,15.9471947194719,5053,16.6765676567657,0.00138888888888889
531,Szalók utca,1012,4247,602,0.594861660079051,1405,1.38833992094862,2007,1.98320158102767,4447,4.39426877470356,3626,3.58300395256917,0.001875
649,Richter Gedeon utca,376,1587,127,0.337765957446808,617,1.64095744680851,744,1.97872340425532,2262,6.01595744680851,1765,4.69414893617021,0.000983796296296296
340,Konzervgyár,359,1837,527,1.46796657381616,181,0.504178272980501,708,1.97214484679666,4406,12.2729805013928,4759,13.2562674094708,0.00125
063,Bem tér,242,790,125,0.516528925619835,352,1.45454545454545,477,1.97107438016529,2853,11.7892561983471,2623,10.8388429752066,0.00274305555555556
461,Hatvan utca,1076,4400,1023,0.950743494423792,1095,1.01765799256506,2118,1.96840148698885,12703,11.8057620817844,12662,11.7676579925651,0.00125
185,Füredi kapu,453,1433,568,1.25386313465784,321,0.708609271523179,889,1.96247240618102,5461,12.0551876379691,5704,12.5916114790287,0.00111111111111111
406,Munkácsy Mihály utca,932,5498,844,0.905579399141631,969,1.03969957081545,1813,1.94527896995708,9836,10.5536480686695,9700,10.4077253218884,0.00114583333333333
865,Mák utca,1199,4984,1567,1.3069224353628,754,0.628857381150959,2321,1.93577981651376,11961,9.97581317764804,12816,10.6889074228524,0.00175925925925926
467,Petőfi Sándor Általános Iskola,303,1427,266,0.877887788778878,320,1.05610561056106,586,1.93399339933993,5053,16.6765676567657,5001,16.5049504950495,0.00201388888888889
337,Kondoroskert utca,246,711,56,0.227642276422764,419,1.70325203252033,475,1.93089430894309,2288,9.30081300813008,1856,7.54471544715447,0.000196759259259259
329,Mák utca,1173,4954,788,0.671781756180733,1459,1.24381926683717,2247,1.9156010230179,13162,11.2208013640239,12442,10.6069906223359,0.00238425925925926
135,Szent László Görögkatolikus Gimnázium,358,1530,173,0.483240223463687,510,1.42458100558659,683,1.90782122905028,4035,11.2709497206704,3689,10.304469273743,0.00333333333333333
435,Nyék utca,432,1985,184,0.425925925925926,640,1.48148148148148,824,1.90740740740741,3377,7.81712962962963,2914,6.74537037037037,0.00152777777777778
205,Hajnal utca,732,3644,618,0.844262295081967,761,1.0396174863388,1379,1.88387978142076,6799,9.28825136612022,6595,9.00956284153006,0.00190972222222222
452,Páfrány utca,153,1177,16,0.104575163398693,272,1.77777777777778,288,1.88235294117647,1512,9.88235294117647,1207,7.88888888888889,0.00222222222222222
247,Honvéd utca,719,2950,521,0.72461752433936,830,1.15438108484006,1351,1.87899860917942,7316,10.1752433936022,6980,9.70792767732962,0.00178240740740741
390,MÁV-rendelő,1732,8100,1111,0.641454965357968,2139,1.23498845265589,3250,1.87644341801386,11634,6.71709006928406,10480,6.05080831408776,0.00181712962962963
648,Epreskerti Általános Iskola,265,950,464,1.75094339622642,33,0.124528301886792,497,1.87547169811321,1177,4.44150943396226,1623,6.12452830188679,0.0003125
530,Sportuszoda,321,1100,143,0.445482866043614,455,1.41744548286604,598,1.86292834890966,3005,9.3613707165109,2690,8.38006230529595,0.00171296296296296
353,Kurucz utca,262,1191,399,1.52290076335878,88,0.33587786259542,487,1.8587786259542,1277,4.87404580152672,1596,6.09160305343511,0.0016087962962963
654,Kerekestelepi fürdő,365,1271,375,1.02739726027397,300,0.821917808219178,675,1.84931506849315,2680,7.34246575342466,2745,7.52054794520548,0.000555555555555556
862,Beszállítói Park,53,60,9,0.169811320754717,88,1.66037735849057,97,1.83018867924528,104,1.9622641509434,25,0.471698113207547,0.000740740740740741
516,Segner tér,885,3218,377,0.425988700564972,1240,1.40112994350282,1617,1.8271186440678,8697,9.8271186440678,7856,8.87683615819209,0.00149305555555556
565,Tócóskert tér,1288,6405,2119,1.64518633540373,231,0.179347826086956,2350,1.82453416149068,4850,3.76552795031056,6777,5.26164596273292,0.000775462962962963
832,Flexiforce Hungary Kft.,51,340,9,0.176470588235294,84,1.64705882352941,93,1.82352941176471,454,8.90196078431373,373,7.31372549019608,0.00178240740740741
167,Erőss Lajos utca,409,1994,679,1.6601466992665,60,0.146699266503668,739,1.80684596577017,3656,8.93887530562347,4276,10.4547677261614,0.000787037037037037
339,Konzervgyár,338,1800,177,0.523668639053254,432,1.27810650887574,609,1.80177514792899,4061,12.0147928994083,3800,11.2426035502959,0.00145833333333333
182,Földi János utca,351,1435,25,0.0712250712250712,606,1.72649572649573,631,1.7977207977208,3215,9.15954415954416,2610,7.43589743589744,0.00197916666666667
612,Wesselényi utca,1122,5223,819,0.729946524064171,1190,1.06060606060606,2009,1.79055258467023,11565,10.307486631016,11282,10.0552584670232,0.00142361111111111
515,Segner tér,965,4297,680,0.704663212435233,1034,1.07150259067358,1714,1.77616580310881,10225,10.5958549222798,9830,10.1865284974093,0.00142361111111111
019,Alma utca,181,570,100,0.552486187845304,221,1.22099447513812,321,1.77348066298343,891,4.92265193370166,765,4.22651933701657,0.00121527777777778
699,Debreceni Ítélőtábla,1733,8882,1134,0.654356607039815,1936,1.11713791113676,3070,1.77149451817657,17729,10.2302365839585,16943,9.77668782458165,0.00167824074074074
064,Bem tér,243,823,313,1.2880658436214,113,0.465020576131687,426,1.75308641975309,2458,10.1152263374486,2662,10.9547325102881,0.00224537037037037
147,Dorottya utca,1455,6464,467,0.320962199312715,2082,1.43092783505155,2549,1.75189003436426,14658,10.0742268041237,13019,8.94776632302406,0.00226851851851852
770,Epreskerti Általános Iskola,251,950,61,0.243027888446215,377,1.50199203187251,438,1.74501992031872,1676,6.67729083665339,1344,5.35458167330677,0.000439814814814815
507,Sárvári Pál utca,1517,7784,2181,1.43770599868161,463,0.305207646671061,2644,1.74291364535267,4577,3.01713909030982,6346,4.18325642715887,0.00111111111111111
179,Fiákeres utca,417,1865,94,0.225419664268585,632,1.51558752997602,726,1.7410071942446,2421,5.80575539568345,1859,4.45803357314149,0.00212962962962963
089,Borzán Gáspár utca,364,1695,69,0.18956043956044,562,1.54395604395604,631,1.73351648351648,1269,3.48626373626374,775,4.90506329113924,0.00116898148148148
269,Józsakert utca,206,1427,337,1.63592233009709,20,0.0970873786407767,357,1.73300970873786,566,2.74757281553398,883,4.28640776699029,0.00196759259259259
293,Kéknyelű utca,477,1416,442,0.926624737945493,383,0.80293501048218,825,1.72955974842767,1896,4.60194174757282,1982,4.82238442822384,0.000543981481481481
237,Híd utca,575,3259,424,0.737391304347826,568,0.987826086956522,992,1.72521739130435,9010,15.6695652173913,8901,15.48,0.00158564814814815
136,Diószegi út,153,1177,53,0.34640522875817,209,1.36601307189542,262,1.71241830065359,2300,15.0326797385621,2144,14.0130718954248,0.00260416666666667
652,Baskir utca,365,1271,345,0.945205479452055,280,0.767123287671233,625,1.71232876712329,2544,6.96986301369863,2603,7.13150684931507,0.000925925925925926
160,Endre utca,261,1170,88,0.337164750957854,357,1.36781609195402,445,1.70498084291188,1199,4.59386973180077,905,3.46743295019157,0.00269675925925926
546,Szociális Otthon,558,2455,290,0.519713261648746,661,1.18458781362007,951,1.70430107526882,5416,9.70609318996416,5074,9.0931899641577,0.00155092592592593
596,Vécsey utca,754,3995,500,0.663129973474801,784,1.03978779840849,1284,1.70291777188329,11453,15.1896551724138,11170,14.8143236074271,0.00118055555555556
061,Békessy Béla utca,1110,5411,845,0.761261261261261,1043,0.93963963963964,1888,1.7009009009009,9710,8.74774774774775,9499,8.55765765765766,0.00164351851851852
304,Keresztesi utca,351,1457,139,0.396011396011396,458,1.3048433048433,597,1.7008547008547,3999,11.3931623931624,3680,10.4843304843305,0.00181712962962963
265,Jerikó utca,447,1374,587,1.31319910514541,173,0.387024608501119,760,1.70022371364653,5089,11.3847874720358,5503,12.3109619686801,0.000706018518518518
374,Lovas utca,486,2111,597,1.2283950617284,227,0.467078189300412,824,1.69547325102881,1062,2.18518518518518,1434,2.95061728395062,0.00302083333333333
858,Szabó Lőrinc utca ID,135,630,25,0.185185185185185,203,1.5037037037037,228,1.68888888888889,791,5.85925925925926,605,4.48148148148148,0.00416666666666667
108,Csemete utca,193,931,195,1.01036269430052,128,0.663212435233161,323,1.67357512953368,1668,8.64248704663212,1742,9.0259067357513,0.0022337962962963
679,Szent László Görögkatolikus Gimnázium,371,1551,465,1.2533692722372,155,0.417789757412399,620,1.6711590296496,2493,6.71967654986523,2799,7.544474393531,0.00212962962962963
683,Vámospércsi út (forduló),550,2390,457,0.830909090909091,461,0.838181818181818,918,1.66909090909091,673,1.92285714285714,665,1.93313953488372,0.00115740740740741
169,Schaeffler Debrecen Kft.,476,1510,765,1.60714285714286,28,0.0588235294117647,793,1.66596638655462,2312,4.85714285714286,3051,6.40966386554622,0.0015162037037037
355,Kürtös utca,326,1420,398,1.22085889570552,143,0.438650306748466,541,1.65950920245399,3009,9.23006134969325,3266,10.0184049079755,0.000925925925925926
540,Szirom utca,60,410,9,0.15,89,1.48333333333333,98,1.63333333333333,713,11.8833333333333,633,10.55,0.00167824074074074
279,Kalász utca,229,1120,165,0.720524017467249,208,0.908296943231441,373,1.62882096069869,434,1.89519650655022,392,1.7117903930131,0.00113425925925926
376,Löszhát,115,560,59,0.51304347826087,125,1.08695652173913,184,1.6,508,4.41739130434783,437,3.8,0.00170138888888889
821,Rugó utca,729,3770,530,0.727023319615912,627,0.860082304526749,1157,1.58710562414266,1278,2.49609375,1156,2.3640081799591,0.0012962962962963
529,Sportkollégium,365,1749,373,1.02191780821918,202,0.553424657534246,575,1.57534246575342,2922,8.0054794520548,3105,8.50684931506849,0.00165509259259259
481,Regionális Képző Központ,492,2150,336,0.682926829268293,436,0.886178861788618,772,1.56910569105691,1608,3.26829268292683,1500,3.04878048780488,0.00231481481481481
067,Benedek Elek tér,466,3390,376,0.8068669527897,355,0.761802575107296,731,1.568669527897,3790,8.13304721030043,3823,8.2038626609442,0.00164351851851852
848,Meszesi utca,18,320,4,0.222222222222222,24,1.33333333333333,28,1.55555555555556,50,2.77777777777778,30,1.66666666666667,0.000393518518518519
204,Hajnal utca,745,3628,668,0.896644295302014,486,0.652348993288591,1154,1.5489932885906,6534,8.77046979865772,6894,9.25369127516779,0.00100694444444444
643,Airport Debrecen,369,1080,225,0.609756097560976,343,0.929539295392954,568,1.53929539295393,363,1.95161290322581,225,1.22950819672131,-0.000208333333333333
238,Hintós utca,115,560,34,0.295652173913044,143,1.24347826086957,177,1.53913043478261,434,3.77391304347826,318,2.76521739130435,0.00116898148148148
288,Kartács utca,859,3615,438,0.509895227008149,884,1.0291036088475,1322,1.53899883585565,10071,11.7240977881257,9577,11.1490104772992,0.00209490740740741
433,Nagyszentgyörgy utca,206,1427,182,0.883495145631068,135,0.655339805825243,317,1.53883495145631,516,2.50485436893204,566,2.74757281553398,0.00200231481481481
178,Felsőjózsai utca,151,780,224,1.48344370860927,8,0.0529801324503311,232,1.5364238410596,539,3.56953642384106,758,5.01986754966887,0.00121527777777778
273,Kabar utca,338,1800,148,0.437869822485207,371,1.09763313609467,519,1.53550295857988,4339,12.8372781065089,4061,12.0147928994083,0.00121527777777778
307,Kertváros,1297,6261,777,0.599074787972244,1211,0.933693138010794,1988,1.53276792598304,11825,9.1171935235158,11385,8.77794911333847,0.00219907407407407
015,Alföldi Nyomda,1271,6177,985,0.774980330448466,956,0.752163650668765,1941,1.52714398111723,11968,9.4162077104642,12000,9.44138473642801,0.00153935185185185
581,Tégláskert utca,969,3870,662,0.683178534571723,817,0.843137254901961,1479,1.52631578947368,822,1.67755102040816,662,1.38204592901879,0.000509259259259259
105,Csalogány utca,119,620,80,0.672268907563025,101,0.848739495798319,181,1.52100840336134,920,7.73109243697479,897,7.53781512605042,2.31481481481481e-05
180,Fiákeres utca,430,1820,639,1.48604651162791,11,0.0255813953488372,650,1.51162790697674,1965,4.56976744186046,2599,6.04418604651163,0.00115740740740741
358,Lahner utca,268,952,178,0.664179104477612,227,0.847014925373134,405,1.51119402985075,958,3.57462686567164,909,3.39179104477612,0.0019212962962963
547,Szotyori utca,213,792,33,0.154929577464789,284,1.33333333333333,317,1.48826291079812,2171,10.1924882629108,1915,8.9906103286385,0.000520833333333333
493,Ruyter utca,261,1170,50,0.191570881226054,338,1.29501915708812,388,1.48659003831418,2097,8.03448275862069,1792,6.86590038314176,0.00291666666666667
518,Biczókert utca,146,1177,207,1.41780821917808,10,0.0684931506849315,217,1.48630136986301,1483,10.1575342465753,1680,11.5068493150685,0.000787037037037037
254,Huszár Gál utca,261,1170,34,0.130268199233716,352,1.34865900383142,386,1.47892720306513,1792,6.86590038314176,1456,5.57854406130268,0.00270833333333333
560,Templom utca,203,1107,79,0.389162561576355,220,1.08374384236453,299,1.47290640394089,803,3.95566502463054,659,3.24630541871921,0.00202546296296296
052,Barackos utca,146,1177,194,1.32876712328767,21,0.143835616438356,215,1.47260273972603,1022,7,1205,8.25342465753425,0.000972222222222222
506,Sárvári Pál utca,1553,7731,659,0.4243399871217,1624,1.04571796522859,2283,1.47005795235029,6206,3.99613650998068,5124,3.2994204764971,0.00277777777777778
541,Szirom utca,92,320,123,1.33695652173913,12,0.130434782608696,135,1.46739130434783,985,10.7065217391304,1096,11.9130434782609,0.00131944444444444
399,Mester utca,727,3103,671,0.922971114167813,395,0.543328748280605,1066,1.46629986244842,9011,12.39477303989,9310,12.8060522696011,0.00122685185185185
274,Kabar utca,570,3250,699,1.22631578947368,135,0.236842105263158,834,1.46315789473684,7029,12.3315789473684,7596,13.3263157894737,0.00126157407407407
682,Kardos utca,125,390,133,1.064,48,0.384,181,1.448,997,7.976,1083,8.664,0.00226851851851852
291,Kassai út,766,4980,630,0.822454308093995,479,0.62532637075718,1109,1.44778067885118,8219,10.7297650130548,8357,13.3712,0.00200231481481481
454,Pajtás utca,181,570,75,0.414364640883978,185,1.02209944751381,260,1.43646408839779,1006,5.55801104972376,891,4.92265193370166,0.00134259259259259
684,Hatvan utca,183,1016,234,1.27868852459016,28,0.153005464480874,262,1.43169398907104,761,4.15846994535519,970,5.30054644808743,0.0016087962962963
386,Mátyás király utca,755,3098,217,0.287417218543046,862,1.14172185430464,1079,1.42913907284768,4422,5.85695364238411,3745,4.96026490066225,0.0024537037037037
545,Szociális Otthon,788,3534,396,0.50253807106599,728,0.923857868020304,1124,1.42639593908629,9320,11.8274111675127,8939,11.3439086294416,0.0015625
045,Bálint pap utca,296,1530,372,1.25675675675676,50,0.168918918918919,422,1.42567567567568,2416,8.16216216216216,2738,9.25,0.00188657407407407
158,Elek utca 147.,152,780,49,0.322368421052632,167,1.09868421052632,216,1.42105263157895,262,1.72368421052632,145,0.953947368421053,0.0021875
078,Bihari utca,146,600,207,1.41780821917808,0,0,207,1.41780821917808,112,0.767123287671233,367,2.51369863013699,0.00203703703703704
325,Klauzál Gábor utca,185,570,249,1.34594594594595,13,0.0702702702702703,262,1.41621621621622,1292,6.98378378378378,1529,8.26486486486486,0.000983796296296296
558,Tégláskerti iskola,479,1920,672,1.40292275574113,5,0.0104384133611691,677,1.4133611691023,662,1.38204592901879,1330,2.77661795407098,0.000949074074074074
574,Trombitás utca,171,1304,189,1.10526315789474,51,0.298245614035088,240,1.40350877192982,2083,12.1812865497076,2221,12.9883040935673,0.00165509259259259
154,Egyetem tér,418,1894,251,0.600478468899522,334,0.799043062200957,585,1.39952153110048,7366,17.622009569378,7284,17.4258373205742,0.000810185185185185
577,Tűzoltóság,1269,6165,661,0.520882584712372,1111,0.875492513790386,1772,1.39637509850276,11979,9.43971631205674,11526,9.08274231678487,0.00136574074074074
576,Tűzoltóság,1305,6347,1063,0.81455938697318,758,0.580842911877395,1821,1.39540229885057,13090,10.0306513409962,13418,10.2819923371648,0.00173611111111111
439,Nyugati Ipari Park,563,1924,314,0.557726465364121,471,0.836589698046181,785,1.3943161634103,484,1.74729241877256,314,1.0979020979021,0.00118055555555556
027,Árpád Vezér Általános Iskola,381,1921,351,0.921259842519685,180,0.47244094488189,531,1.39370078740157,2365,6.20734908136483,2539,6.66404199475066,0.00234953703703704
557,Tégláskerti iskola,490,1950,26,0.0530612244897959,655,1.33673469387755,681,1.38979591836735,1465,2.98979591836735,822,1.67755102040816,0.000763888888888889
642,Wolaffka utca,152,720,204,1.34210526315789,7,0.0460526315789474,211,1.38815789473684,525,3.45394736842105,725,4.76973684210526,0.00189814814814815
650,Richter Gedeon utca,498,1600,645,1.29518072289157,39,0.0783132530120482,684,1.37349397590361,1701,3.41566265060241,2313,4.64457831325301,0.00138888888888889
520,Sillye Gábor utca,103,671,76,0.737864077669903,64,0.621359223300971,140,1.35922330097087,252,2.44660194174757,264,2.5631067961165,0.000960648148148148
521,Sillye Gábor utca,52,410,41,0.788461538461538,29,0.557692307692308,70,1.34615384615385,97,1.86538461538462,110,2.11538461538462,0.000787037037037037
480,Regionális Képző Központ,761,3016,806,1.05913272010512,213,0.279894875164258,1019,1.33902759526938,3697,4.8580814717477,4320,5.67674113009198,0.00107638888888889
380,Madách tér,274,1420,61,0.222627737226277,304,1.10948905109489,365,1.33211678832117,4638,16.9270072992701,4408,16.0875912408759,0.00127314814814815
290,Puttony utca,181,570,90,0.497237569060774,150,0.828729281767956,240,1.32596685082873,618,3.41436464088398,552,3.04972375690608,0.00113425925925926
020,Alma utca,252,1297,253,1.00396825396825,81,0.321428571428571,334,1.32539682539683,705,2.79761904761905,884,3.50793650793651,0.0015162037037037
156,Egyetemi sporttelep,668,2941,588,0.880239520958084,292,0.437125748502994,880,1.31736526946108,6971,10.435628742515,7297,10.9236526946108,0.00189814814814815
585,Vág utca,446,1660,495,1.10986547085202,89,0.199551569506726,584,1.30941704035874,5406,12.1210762331839,5809,13.02466367713,0.000960648148148148
257,Irányi Dániel utca,259,1005,202,0.77992277992278,137,0.528957528957529,339,1.30888030888031,857,3.30888030888031,922,3.55984555984556,0.00111111111111111
607,Vincellér utca,1785,8209,0,0,2326,1.303081232493,2326,1.303081232493,2414,1.35238095238095,0,,0.0033912037037037
198,Gyolcsos utca,531,2564,94,0.177024482109228,595,1.12052730696798,689,1.29755178907721,5267,9.91902071563089,4772,8.98681732580038,0.00222222222222222
113,Cseresznye utca,444,1830,499,1.12387387387387,77,0.173423423423423,576,1.2972972972973,3686,8.3018018018018,4183,9.42117117117117,0.00108796296296296
253,Huszár Gál utca,263,1221,296,1.1254752851711,43,0.163498098859316,339,1.28897338403042,1596,6.06844106463878,1867,7.09885931558935,0.00162037037037037
606,Vincellér utca,1517,7784,1683,1.1094264996704,266,0.175346077785102,1949,1.2847725774555,3190,6.38,4577,3.01713909030982,0.000960648148148148
491,Rózsavölgy utca,155,801,161,1.03870967741936,38,0.245161290322581,199,1.28387096774194,437,2.81935483870968,560,3.61290322580645,0.00123842592592593
584,Vág utca,427,1640,113,0.26463700234192,432,1.01170960187354,545,1.27634660421546,5900,13.8173302107728,5559,13.0187353629977,0.000856481481481481
275,Kabar utca,754,3995,265,0.351458885941645,694,0.920424403183024,959,1.27188328912467,11988,15.8992042440318,11553,15.3222811671088,0.00162037037037037
088,Borzán Gáspár utca,625,3319,665,1.064,124,0.1984,789,1.2624,3373,8.05011933174224,3915,6.264,0.00148148148148148
564,Tizedes utca,969,4270,854,0.881320949432404,364,0.375644994840041,1218,1.25696594427245,4364,4.50361197110423,4853,5.00825593395253,0.00190972222222222
048,Bánk. iskola,148,1117,25,0.168918918918919,161,1.08783783783784,186,1.25675675675676,831,5.61486486486486,689,4.6554054054054,0.00165509259259259
049,Bánk. iskola,141,1117,169,1.19858156028369,8,0.0567375886524823,177,1.25531914893617,647,4.5886524822695,809,5.73758865248227,0.00138888888888889
605,Vincellér utca,1288,6405,1363,1.0582298136646,252,0.195652173913044,1615,1.25388198757764,3742,6.76672694394213,4850,3.76552795031056,0.000856481481481481
166,Erdészház,152,588,174,1.14473684210526,15,0.0986842105263158,189,1.24342105263158,808,5.31578947368421,968,6.36842105263158,0.00119212962962963
085,Bondorhát utca,152,780,44,0.289473684210526,145,0.953947368421053,189,1.24342105263158,363,2.38815789473684,262,1.72368421052632,0.00251157407407407
054,Barátság utca,52,410,33,0.634615384615385,31,0.596153846153846,64,1.23076923076923,97,1.86538461538462,97,1.86538461538462,0.00068287037037037
283,Karacs Ferenc utca,213,792,55,0.258215962441315,205,0.962441314553991,260,1.22065727699531,1915,8.9906103286385,1764,8.28169014084507,0.000590277777777778
338,Kondoroskert utca,248,726,296,1.19354838709677,6,0.0241935483870968,302,1.21774193548387,1456,5.87096774193548,1803,7.27016129032258,0.000972222222222222
442,Ondód,229,1120,116,0.506550218340611,161,0.703056768558952,277,1.20960698689956,162,1.40869565217391,116,1.01754385964912,0.00056712962962963
181,Földi János utca,326,1420,373,1.1441717791411,20,0.0613496932515337,393,1.20552147239264,2646,8.11656441717791,3009,9.23006134969325,0.000902777777777778
098,Bulgár utca,884,3061,147,0.166289592760181,917,1.03733031674208,1064,1.20361990950226,9164,10.3665158371041,8403,9.50565610859729,0.000671296296296296
354,Kurucz utca,261,1170,35,0.134099616858238,279,1.06896551724138,314,1.20306513409962,1456,5.57854406130268,1199,4.59386973180077,0.00290509259259259
162,Építők útja,659,2519,493,0.748103186646434,299,0.453717754172989,792,1.20182094081942,7117,10.7996965098634,7298,11.0743550834598,0.00115740740740741
306,Kertváros,1284,6267,907,0.706386292834891,634,0.493769470404984,1541,1.20015576323988,11249,8.76090342679128,11512,8.96573208722741,0.00181712962962963
046,Bálint pap utca,319,1491,51,0.15987460815047,329,1.03134796238245,380,1.19122257053292,2543,7.9717868338558,2250,7.05329153605016,0.00184027777777778
086,Bondorhát utca,155,801,154,0.993548387096774,30,0.193548387096774,184,1.18709677419355,312,2.01290322580645,437,2.81935483870968,0.00165509259259259
195,Gyepűsor utca,413,1607,341,0.825665859564164,145,0.351089588377724,486,1.17675544794189,4466,10.8135593220339,4670,11.3075060532688,0.00155092592592593
051,Barackos utca,153,1177,19,0.124183006535948,161,1.05228758169935,180,1.17647058823529,1207,7.88888888888889,1038,6.7843137254902,0.0021412037037037
388,MÁV-rendelő,1259,6653,973,0.772835583796664,508,0.403494837172359,1481,1.17633042096902,8603,6.83320095313741,9076,7.208895949166,0.000983796296296296
302,Keresszegi utca,319,1491,79,0.247648902821317,295,0.924764890282132,374,1.17241379310345,3029,9.49529780564263,2795,8.76175548589342,0.00188657407407407
084,Bolyai utca,371,1551,365,0.983827493261456,69,0.185983827493261,434,1.16981132075472,1833,4.94070080862534,2149,5.79245283018868,0.001875
615,Zrínyi utca,296,1530,296,1,48,0.162162162162162,344,1.16216216216216,1613,5.44932432432432,1864,6.2972972972973,0.00193287037037037
006,Áchim András utca,181,570,34,0.187845303867403,175,0.966850828729282,209,1.15469613259669,1366,7.54696132596685,1226,6.77348066298343,0.000810185185185185
630,Károli Gáspár utca,137,660,152,1.10948905109489,6,0.0437956204379562,158,1.15328467153285,421,3.07299270072993,567,4.13868613138686,0.000451388888888889
075,Csárda utca,153,1177,4,0.0261437908496732,172,1.12418300653595,176,1.15032679738562,2008,13.1241830065359,1824,11.921568627451,0.00221064814814815
087,Borzán Gáspár utca,474,2411,141,0.29746835443038,403,0.850210970464135,544,1.14767932489451,3404,8.75064267352185,3140,8.0306905370844,0.00152777777777778
603,Világos utca,455,1700,86,0.189010989010989,434,0.953846153846154,520,1.14285714285714,3929,8.63516483516484,3574,7.85494505494506,0.00087962962962963
112,Cseresznye utca,254,1281,41,0.161417322834646,249,0.980314960629921,290,1.14173228346457,2349,9.24803149606299,2105,8.28740157480315,0.00162037037037037
544,Szoboszlói úti Ált. Iskola,408,1930,209,0.512254901960784,256,0.627450980392157,465,1.13970588235294,3653,8.95343137254902,3596,8.81372549019608,0.00178240740740741
398,Mester utca,934,3969,462,0.494646680942184,595,0.637044967880086,1057,1.13169164882227,11502,12.3147751605996,11357,12.1595289079229,0.00173611111111111
271,Juhász Géza utca,500,2180,414,0.828,147,0.294,561,1.122,1590,3.18,1866,3.732,0.00155092592592593
201,Hadházi út 92.,321,1100,237,0.738317757009346,123,0.383177570093458,360,1.1214953271028,2911,9.06853582554517,3045,9.48598130841122,0.00194444444444444
459,Pallagi út,558,2455,365,0.654121863799283,249,0.446236559139785,614,1.10035842293907,5311,9.5179211469534,5416,9.70609318996416,0.0015625
214,Szüret utca,141,1117,144,1.02127659574468,11,0.0780141843971631,155,1.09929078014184,879,6.23404255319149,1017,7.21276595744681,0.000868055555555556
303,Keresszegi utca,295,1500,267,0.905084745762712,57,0.193220338983051,324,1.09830508474576,2937,9.95593220338983,3150,10.6779661016949,0.00168981481481481
492,Rózsavölgy utca 133.,155,801,118,0.761290322580645,52,0.335483870967742,170,1.09677419354839,246,1.58709677419355,312,2.01290322580645,0.00163194444444444
241,Hold utca,492,2150,175,0.355691056910569,356,0.723577235772358,531,1.07926829268293,1500,3.04878048780488,1304,2.65040650406504,0.00233796296296296
608,Vízmű,404,1162,12,0.0297029702970297,424,1.04950495049505,436,1.07920792079208,5317,13.1608910891089,4889,12.1014851485149,0.0012037037037037
309,Kincseshegy utca,319,1491,59,0.184952978056426,285,0.893416927899686,344,1.07836990595611,2795,8.76175548589342,2543,7.9717868338558,0.0018287037037037
575,Trombitás utca,166,1334,51,0.307228915662651,124,0.746987951807229,175,1.05421686746988,1467,8.83734939759036,1391,8.37951807228916,0.00113425925925926
508,Schweidel József utca,268,952,162,0.604477611940298,120,0.447761194029851,282,1.05223880597015,915,3.41417910447761,958,3.57462686567164,0.00174768518518519
499,Sámsoni út,302,1470,0,0,316,1.04635761589404,316,1.04635761589404,330,1.09271523178808,0,,0.00243055555555556
825,Tisza István utca,699,3118,158,0.226037195994278,572,0.818311874105866,730,1.04434907010014,6604,9.44778254649499,6149,8.79685264663806,0.00145833333333333
097,Budai Nagy Antal utca,711,3100,647,0.909985935302391,93,0.130801687763713,740,1.0407876230661,4093,5.75668073136428,4644,6.53164556962025,0.00240740740740741
601,Vay Ádám utca,500,2180,437,0.874,83,0.166,520,1.04,1237,2.474,1590,3.18,0.00144675925925926
165,Erdészház,171,613,8,0.0467836257309942,169,0.988304093567251,177,1.03508771929825,2379,13.9122807017544,2218,12.9707602339181,0.0012962962962963
441,Oláh Gábor utca,146,410,95,0.650684931506849,55,0.376712328767123,150,1.02739726027397,1941,13.2945205479452,1980,13.5616438356164,0.00193287037037037
128,Debreceni Erőmű,1859,7867,982,0.528240989779451,927,0.498655190962883,1909,1.02689618074233,19361,10.4147391070468,19430,10.4518558364712,0.00127314814814815
479,Regionális Képző Központ,596,2247,102,0.171140939597315,510,0.855704697986577,612,1.02684563758389,3932,6.59731543624161,3480,5.83892617449664,0.00185185185185185
460,Pallagi út,551,2203,107,0.194192377495463,458,0.831215970961888,565,1.02540834845735,5785,10.4990925589837,5422,9.84029038112523,0.00195601851851852
174,Felsőjózsa,303,1560,164,0.541254125412541,144,0.475247524752475,308,1.01650165016502,145,0.953947368421053,164,1.08609271523179,0.00153935185185185
629,Károli Gáspár utca,135,630,8,0.0592592592592593,129,0.955555555555556,137,1.01481481481481,605,4.48148148148148,478,3.54074074074074,0.0034837962962963
308,Kincseshegy utca,295,1500,249,0.84406779661017,50,0.169491525423729,299,1.0135593220339,2738,9.28135593220339,2937,9.95593220338983,0.00212962962962963
501,Sárga dűlő 23.,82,290,82,1,1,0.0121951219512195,83,1.01219512195122,210,2.5609756097561,291,3.54878048780488,0.0003125
829,Hosszúpályi útelágazás,82,300,3,0.0365853658536585,80,0.975609756097561,83,1.01219512195122,1882,22.9512195121951,1803,21.9878048780488,0.00100694444444444
368,Leiningen utca,870,3040,264,0.303448275862069,611,0.702298850574713,875,1.00574712643678,9430,10.8390804597701,9096,10.4551724137931,0.000671296296296296
434,Napraforgó utca,192,970,153,0.796875,39,0.203125,192,1,822,4.28125,933,4.859375,0.000752314814814815
469,Petőfi tér,1,30,1,1,0,0,1,1,2,2,3,3,-0.00326388888888889
270,Juhász Géza utca,533,2187,129,0.24202626641651,403,0.75609756097561,532,0.99812382739212,1769,3.31894934333959,1477,2.77110694183865,0.00172453703703704
175,Rózsavölgy utca 175.,155,801,107,0.690322580645161,46,0.296774193548387,153,0.987096774193548,185,1.19354838709677,246,1.58709677419355,0.00149305555555556
365,Lázár utca,181,570,38,0.209944751381215,140,0.773480662983426,178,0.983425414364641,1141,6.30386740331492,1039,5.74033149171271,0.000949074074074074
593,Vasutas utca,151,651,18,0.119205298013245,130,0.860927152317881,148,0.980132450331126,588,3.89403973509934,473,3.13245033112583,0.00204861111111111
284,Karacs Ferenc utca,227,792,182,0.801762114537445,40,0.176211453744493,222,0.977973568281938,2099,9.24669603524229,2256,9.93832599118943,0.00125
604,Világos utca,468,1700,388,0.829059829059829,68,0.145299145299145,456,0.974358974358974,3282,7.01282051282051,3675,7.8525641025641,0.000844907407407407
040,Baksay Sándor utca,338,1140,227,0.671597633136095,102,0.301775147928994,329,0.973372781065089,3322,9.8284023668639,3447,10.198224852071,0.00211805555555556
369,Leiningen utca,1289,4617,851,0.660201706749418,383,0.297129557796742,1234,0.95733126454616,11080,8.59581070597362,11578,8.98215671062839,0.000729166666666667
397,Mentőállomás,1278,6329,544,0.42566510172144,673,0.52660406885759,1217,0.95226917057903,9693,7.58450704225352,9683,7.57668231611894,0.00136574074074074
367,Legányi utca,443,1940,332,0.749435665914221,89,0.200902934537246,421,0.950338600451467,2733,6.16930022573363,2976,6.71783295711061,0.00153935185185185
640,Kaskötő utca,181,570,18,0.0994475138121547,153,0.845303867403315,171,0.94475138121547,765,4.22651933701657,618,3.41436464088398,0.00159722222222222
348,Köntösgát sor,214,848,6,0.0280373831775701,196,0.91588785046729,202,0.94392523364486,2972,13.8878504672897,2740,12.803738317757,0.000601851851851852
220,Harmat utca,52,410,36,0.692307692307692,13,0.25,49,0.942307692307692,110,2.11538461538462,134,2.57692307692308,0.00087962962962963
099,Bulgár utca,883,3061,729,0.82559456398641,103,0.116647791619479,832,0.942242355605889,7295,8.26160815402038,7936,8.98754246885617,0.000405092592592593
383,Málna utca,444,1830,383,0.862612612612612,35,0.0788288288288288,418,0.941441441441442,4286,9.65315315315315,4680,10.5405405405405,0.000729166666666667
076,Csárda utca,146,1177,136,0.931506849315068,1,0.00684931506849315,137,0.938356164383562,1680,11.5068493150685,1816,12.4383561643836,0.00107638888888889
191,Gázvezeték utca,239,1000,14,0.0585774058577406,210,0.878661087866109,224,0.937238493723849,1562,6.53556485355648,1354,5.6652719665272,0.00155092592592593
543,Szoboszlói úti Ált. Iskola,443,1940,215,0.485327313769752,200,0.451467268623025,415,0.936794582392776,3700,8.35214446952596,3726,8.41083521444695,0.00136574074074074
073,Bevásárlóközpontok,713,2149,91,0.127629733520337,575,0.806451612903226,666,0.934081346423562,7097,9.95371669004208,6550,9.18653576437588,0.0016087962962963
403,Moha utca,243,1140,25,0.102880658436214,201,0.82716049382716,226,0.930041152263374,1150,4.73251028806584,967,3.97942386831276,0.00269675925925926
462,Pesti utca,838,4270,498,0.594272076372315,280,0.334128878281623,778,0.928400954653938,6765,8.0727923627685,7049,8.41169451073986,0.00128472222222222
820,Vezér utca,391,1906,325,0.831202046035806,35,0.0895140664961637,360,0.920716112531969,1729,4.42199488491049,2036,5.20716112531969,0.00186342592592593
425,Nagycsere. orvosi rendelő,163,480,11,0.0674846625766871,139,0.852760736196319,150,0.920245398773006,625,3.83435582822086,493,3.02453987730061,0.000798611111111111
440,Ohat utca,408,1930,41,0.100490196078431,334,0.818627450980392,375,0.919117647058824,3040,7.45098039215686,2707,6.63480392156863,0.00199074074074074
627,Hatvan utca,1120,5027,339,0.302678571428571,683,0.609821428571429,1022,0.9125,9221,8.23303571428571,8803,7.85982142857143,0.00255787037037037
524,Skalnitzky Antal utca,500,2180,330,0.66,126,0.252,456,0.912,1866,3.732,2070,4.14,0.00114583333333333
498,Sámsoni út,292,1500,262,0.897260273972603,0,0,262,0.897260273972603,0,,262,0.897260273972603,0.000393518518518519
382,Málna utca,496,2557,69,0.139112903225806,374,0.754032258064516,443,0.893145161290323,3601,7.26008064516129,3278,6.60887096774194,0.00190972222222222
437,Nyíl utca,64,170,36,0.5625,21,0.328125,57,0.890625,442,6.90625,455,7.109375,0.00210648148148148
300,Kérész utca,596,2247,157,0.263422818791946,371,0.62248322147651,528,0.885906040268456,3280,5.50335570469799,3024,5.0738255033557,0.00144675925925926
127,Debreceni Erőmű,1290,4610,595,0.461240310077519,537,0.416279069767442,1132,0.877519379844961,12182,9.44341085271318,12470,9.66666666666666,0.00141203703703704
240,Hold utca,521,2157,326,0.625719769673704,126,0.241842610364683,452,0.867562380038388,1169,2.24376199616123,1390,2.6679462571977,0.00144675925925926
132,Déli sor 55.,166,1334,16,0.0963855421686747,126,0.759036144578313,142,0.855421686746988,1391,8.37951807228916,1276,7.68674698795181,0.00144675925925926
171,Fancsika,248,726,210,0.846774193548387,2,0.00806451612903226,212,0.854838709677419,1194,4.81451612903226,1456,5.87096774193548,0.000775462962962963
095,Budai Nagy Antal utca,262,1191,157,0.599236641221374,64,0.244274809160305,221,0.843511450381679,855,3.26335877862595,958,3.65648854961832,0.00155092592592593
594,Vasutas utca,146,600,91,0.623287671232877,32,0.219178082191781,123,0.842465753424658,367,2.51369863013699,429,2.93835616438356,0.00185185185185185
213,Szüret utca,148,1117,4,0.027027027027027,119,0.804054054054054,123,0.831081081081081,1033,6.97972972972973,904,6.10810810810811,0.00188657407407407
600,Zsigmond Ferenc utca,533,2187,122,0.228893058161351,318,0.596622889305816,440,0.825515947467167,1477,2.77110694183865,1271,2.38461538461538,0.00170138888888889
639,Wolaffka utca,158,757,8,0.0506329113924051,122,0.772151898734177,130,0.822784810126582,775,4.90506329113924,658,4.16455696202532,0.00171296296296296
387,Mátyás király utca,415,1570,297,0.71566265060241,41,0.0987951807228916,338,0.814457831325301,3031,7.30361445783132,3287,7.92048192771084,0.00224537037037037
131,Déli sor 55.,171,1304,102,0.596491228070175,37,0.216374269005848,139,0.812865497076024,2018,11.8011695906433,2083,12.1812865497076,0.00175925925925926
039,Bádogos utca,500,1957,383,0.766,20,0.04,403,0.806,2024,4.048,2388,4.776,0.000277777777777778
245,Homok utca,182,641,68,0.373626373626374,78,0.428571428571429,146,0.802197802197802,2367,13.0054945054945,2360,12.967032967033,0.00184027777777778
009,Acsádi út,500,2180,309,0.618,90,0.18,399,0.798,2070,4.14,2287,4.574,0.00131944444444444
038,Bádogos utca,490,1950,28,0.0571428571428571,362,0.738775510204082,390,0.795918367346939,2611,5.32857142857143,2255,4.60204081632653,0.00203703703703704
366,Lázár utca,185,570,142,0.767567567567568,5,0.027027027027027,147,0.794594594594594,1529,8.26486486486486,1673,9.04324324324324,0.000972222222222222
528,Somlyai utca,518,1790,313,0.604247104247104,94,0.181467181467181,407,0.785714285714286,2967,5.72779922779923,3202,6.18146718146718,0.000659722222222222
523,Skalnitzky Antal utca,533,2187,105,0.196998123827392,311,0.583489681050657,416,0.780487804878049,1987,3.72795497185741,1769,3.31894934333959,0.00179398148148148
526,Sólyom utca,761,3016,444,0.583442838370565,149,0.195795006570302,593,0.779237844940867,4320,5.67674113009198,4628,6.0814717477004,0.00087962962962963
258,Irányi Dániel utca,268,952,112,0.417910447761194,96,0.358208955223881,208,0.776119402985075,903,3.36940298507463,915,3.41417910447761,0.00171296296296296
244,Homok utca,178,620,99,0.556179775280899,39,0.219101123595506,138,0.775280898876404,2336,13.123595505618,2398,13.4719101123596,0.00349537037037037
163,Építők útja,892,3062,267,0.29932735426009,422,0.473094170403587,689,0.772421524663677,7494,8.40134529147982,7350,8.23991031390134,0.00125
784,Barna utca,397,1579,259,0.652392947103274,42,0.105793450881612,301,0.758186397984886,2740,6.90176322418136,2969,7.47858942065491,0.00188657407407407
405,Móricz Zsigmond út,548,2751,173,0.315693430656934,242,0.441605839416058,415,0.757299270072993,5728,10.4525547445255,5622,10.2591240875912,0.00206018518518519
074,Bevásárlóközpontok,385,1170,213,0.553246753246753,77,0.2,290,0.753246753246753,3813,9.9038961038961,3953,10.2675324675325,0.00113425925925926
164,Epreskert utca,239,1000,34,0.142259414225941,146,0.610878661087866,180,0.753138075313808,1674,7.00418410041841,1562,6.53556485355648,0.00168981481481481
685,Széchenyi utca,497,2222,308,0.619718309859155,58,0.116700201207243,366,0.736418511066398,3577,7.19718309859155,3853,7.75251509054326,0.00136574074074074
370,Lomnicz utca,181,570,24,0.132596685082873,109,0.602209944751381,133,0.734806629834254,1226,6.77348066298343,1141,6.30386740331492,0.00112268518518519
618,Szent Bazil Görögkatolikus Technikum,1173,4954,112,0.0954816709292413,746,0.635976129582268,858,0.731457800511509,12442,10.6069906223359,11798,10.0579710144928,0.00266203703703704
289,Puttony utca,252,1297,142,0.563492063492064,42,0.166666666666667,184,0.73015873015873,596,2.36507936507936,698,2.76984126984127,0.00199074074074074
482,Kazár utca,447,1571,94,0.210290827740492,231,0.516778523489933,325,0.727069351230425,4693,10.4988814317673,4526,10.1252796420582,0.000949074074074074
841,Bhs Trans Kft.,152,600,52,0.342105263157895,57,0.375,109,0.717105263157895,1035,7.55474452554744,1030,14.7142857142857,0.00155092592592593
477,Salétrom utca,171,1304,64,0.374269005847953,58,0.339181286549708,122,0.713450292397661,2221,12.9883040935673,2232,13.0526315789474,0.00180555555555556
350,Köztemető. déli kapu,570,3690,208,0.364912280701754,193,0.33859649122807,401,0.703508771929824,7299,12.8052631578947,7306,12.8175438596491,0.00209490740740741
628,Veres Péter utca,783,3357,233,0.29757343550447,316,0.403575989782886,549,0.701149425287356,1271,2.38461538461538,1169,2.23946360153257,0.00134259259259259
118,Csonkatorony utca,203,1107,16,0.0788177339901478,126,0.620689655172414,142,0.699507389162562,1390,6.84729064039409,1276,6.28571428571428,0.00217592592592593
819,Vezér utca,432,1985,64,0.148148148148148,238,0.550925925925926,302,0.699074074074074,2914,6.74537037037037,2738,6.33796296296296,0.00173611111111111
030,ATEV,148,1117,0,0,102,0.689189189189189,102,0.689189189189189,193,1.30405405405405,89,0.601351351351351,0.00142361111111111
236,Hétvezér utca,151,651,42,0.278145695364238,62,0.410596026490066,104,0.688741721854305,612,4.05298013245033,588,3.89403973509934,0.00146990740740741
430,Nagymacs. Kastélykert utca,102,485,70,0.686274509803922,0,0,70,0.686274509803922,342,3.35294117647059,413,4.04901960784314,0.000590277777777778
536,Szepes,156,550,59,0.378205128205128,48,0.307692307692308,107,0.685897435897436,67,0.905405405405405,59,0.719512195121951,0.000717592592592593
571,Tőr utca,486,2111,222,0.45679012345679,110,0.226337448559671,332,0.683127572016461,1912,3.93415637860082,2028,4.17283950617284,0.00239583333333333
645,Nyugati Ipari Park. szervizút II.,286,962,168,0.587412587412587,27,0.0944055944055944,195,0.681818181818182,346,1.20979020979021,501,1.75174825174825,0.00171296296296296
130,Déli sor,166,1334,14,0.0843373493975904,99,0.596385542168675,113,0.680722891566265,1276,7.68674698795181,1188,7.1566265060241,0.00134259259259259
311,Kisbánya utca,153,1177,15,0.0980392156862745,85,0.555555555555556,100,0.65359477124183,2144,14.0130718954248,2068,13.516339869281,0.00261574074074074
395,Veres Péter utca,750,3320,218,0.290666666666667,272,0.362666666666667,490,0.653333333333333,1304,2.65040650406504,1237,2.47895791583166,0.00155092592592593
371,Lomnicz utca,185,570,80,0.432432432432432,39,0.210810810810811,119,0.643243243243243,1673,9.04324324324324,1711,9.24864864864865,0.00068287037037037
426,Nagycsere. orvosi rendelő,166,495,97,0.58433734939759,9,0.0542168674698795,106,0.63855421686747,481,2.89759036144578,569,3.42771084337349,0.00144675925925926
622,Nyíregyházi utca,55,60,35,0.636363636363636,0,0,35,0.636363636363636,1058,19.2363636363636,1093,19.8727272727273,0.000393518518518519
129,Déli sor,171,1304,80,0.467836257309942,27,0.157894736842105,107,0.625730994152047,1961,11.4678362573099,2018,11.8011695906433,0.00174768518518519
239,Hintós utca,114,560,71,0.62280701754386,0,0,71,0.62280701754386,230,2.01754385964912,301,2.64035087719298,0.00100694444444444
505,Sárga dűlő 67.,82,290,51,0.621951219512195,0,0,51,0.621951219512195,59,0.719512195121951,111,1.35365853658537,0.000659722222222222
525,Sólyom utca,736,2994,100,0.135869565217391,355,0.482336956521739,455,0.61820652173913,5198,7.0625,4911,6.67255434782609,0.0021875
655,Besze János utca,125,390,13,0.104,64,0.512,77,0.616,1083,8.664,1030,8.24,0.00202546296296296
217,Hármashegy utca,596,2247,92,0.154362416107383,273,0.458053691275168,365,0.61241610738255,3480,5.83892617449664,3280,5.50335570469799,0.00199074074074074
091,Branyiszkó utca,486,2596,62,0.127572016460905,235,0.483539094650206,297,0.611111111111111,5329,10.9650205761317,5149,10.5946502057613,0.00196759259259259
503,Sárga dűlő 33.,82,290,49,0.597560975609756,1,0.0121951219512195,50,0.609756097560976,162,1.97560975609756,210,2.5609756097561,0.000960648148148148
221,Harsona utca,156,640,1,0.00641025641025641,93,0.596153846153846,94,0.602564102564102,1125,7.21153846153846,1033,6.62179487179487,0.0012962962962963
537,Szepes. bolt,82,290,49,0.597560975609756,0,0,49,0.597560975609756,111,1.35365853658537,162,1.97560975609756,0.000706018518518518
686,Tisza István utca,191,1011,20,0.104712041884817,93,0.486910994764398,113,0.591623036649215,368,1.92670157068063,290,1.51832460732984,0.00224537037037037
047,Bánk,272,2213,81,0.297794117647059,79,0.290441176470588,160,0.588235294117647,89,0.601351351351351,89,0.631205673758865,0.000601851851851852
538,Szepes. bolt,74,260,1,0.0135135135135135,42,0.567567567567568,43,0.581081081081081,144,1.94594594594595,103,1.39189189189189,0.00207175925925926
455,Pajtás utca,252,1297,107,0.424603174603175,39,0.154761904761905,146,0.57936507936508,884,3.50793650793651,967,3.83730158730159,0.00121527777777778
222,Harsona utca,151,660,84,0.556291390728477,3,0.0198675496688742,87,0.576158940397351,755,5,836,5.5364238410596,0.00122685185185185
008,Acsádi út,533,2187,60,0.112570356472796,247,0.463414634146342,307,0.575984990619137,2185,4.09943714821764,1987,3.72795497185741,0.00197916666666667
031,ATEV,141,1117,78,0.553191489361702,3,0.0212765957446808,81,0.574468085106383,89,0.631205673758865,164,1.16312056737589,0.000925925925925926
092,Branyiszkó utca,483,2617,215,0.445134575569358,61,0.126293995859213,276,0.571428571428571,4418,9.14699792960662,4576,9.47412008281574,0.00224537037037037
079,TEVA Gyógyszergyár,171,613,21,0.12280701754386,74,0.432748538011696,95,0.555555555555556,2443,14.2865497076023,2388,13.9649122807018,0.0009375
849,Ispán utca,18,320,1,0.0555555555555556,9,0.5,10,0.555555555555556,30,1.66666666666667,22,1.22222222222222,0.00113425925925926
486,Rigó utca,487,2719,52,0.106776180698152,218,0.447638603696099,270,0.554414784394251,4971,10.2073921971253,4799,9.85420944558522,0.00138888888888889
375,Lóverseny utca,486,2596,36,0.0740740740740741,230,0.473251028806584,266,0.547325102880658,5149,10.5946502057613,4957,10.1995884773663,0.0021412037037037
203,HAJDÚKOMM,119,620,25,0.210084033613445,40,0.336134453781513,65,0.546218487394958,946,7.94957983193277,920,7.73109243697479,0.000127314814814815
080,TEVA Gyógyszergyár,152,588,76,0.5,7,0.0460526315789474,83,0.546052631578947,973,6.40131578947368,1048,6.89473684210526,0.00126157407407407
349,Köntösgát sor,219,868,95,0.4337899543379,24,0.10958904109589,119,0.54337899543379,2282,10.4200913242009,2364,10.7945205479452,0.000543981481481481
192,Gázvezeték utca,500,1957,236,0.472,30,0.06,266,0.532,2388,4.776,2595,5.19,0.000289351851851852
404,Moha utca,266,1155,131,0.492481203007519,10,0.037593984962406,141,0.530075187969925,997,3.74812030075188,1125,4.22932330827068,0.000625
232,Házgyár utca,468,1700,241,0.514957264957265,7,0.014957264957265,248,0.52991452991453,1844,3.94017094017094,2097,4.48076923076923,0.00145833333333333
233,Hegyi Mihályné utca,274,1420,18,0.0656934306569343,127,0.463503649635036,145,0.529197080291971,4408,16.0875912408759,4293,15.6678832116788,0.00188657407407407
119,Csonkatorony utca,206,1427,87,0.422330097087379,22,0.106796116504854,109,0.529126213592233,883,4.28640776699029,948,4.60194174757282,0.0018287037037037
230,Hatvan utca 57.,303,1490,17,0.0561056105610561,141,0.465346534653465,158,0.521452145214521,3481,11.4884488448845,3355,11.0726072607261,0.00246527777777778
134,Diadal utca,486,2111,195,0.401234567901235,57,0.117283950617284,252,0.518518518518518,2028,4.17283950617284,2166,4.45679012345679,0.00225694444444444
504,Sárga dűlő 67.,74,260,1,0.0135135135135135,37,0.5,38,0.513513513513514,103,1.39189189189189,67,0.905405405405405,0.00152777777777778
826,Antall József utca,408,1648,23,0.0563725490196078,180,0.441176470588235,203,0.497549019607843,3220,7.8921568627451,3023,7.4093137254902,0.00166666666666667
007,Áchim András utca,185,570,87,0.47027027027027,5,0.027027027027027,92,0.497297297297297,1711,9.24864864864865,1794,9.6972972972973,0.000856481481481481
478,Salétrom utca,166,1334,45,0.271084337349398,35,0.210843373493976,80,0.481927710843374,1455,8.76506024096386,1467,8.83734939759036,0.00103009259259259
281,Kanális utca,490,1950,14,0.0285714285714286,218,0.444897959183674,232,0.473469387755102,2048,4.17959183673469,1839,3.7530612244898,0.00174768518518519
208,Haláp. csárda,163,480,3,0.0184049079754601,73,0.447852760736196,76,0.466257668711656,429,2.6319018404908,313,1.92024539877301,0.000671296296296296
446,Óvoda utca,575,3259,25,0.0434782608695652,239,0.415652173913044,264,0.459130434782609,8802,15.3078260869565,8587,14.9339130434783,0.0016087962962963
312,Kisbánya utca,146,1177,58,0.397260273972603,8,0.0547945205479452,66,0.452054794520548,1892,12.958904109589,1946,13.3287671232877,0.000983796296296296
336,Kondorosi híd,146,1177,64,0.438356164383562,2,0.0136986301369863,66,0.452054794520548,1816,12.4383561643836,1892,12.958904109589,0.000844907407407407
494,Salakmotorpálya,490,1950,11,0.0224489795918367,210,0.428571428571429,221,0.451020408163265,2255,4.60204081632653,2048,4.17959183673469,0.00195601851851852
001,35-ös út,486,2596,8,0.0164609053497942,211,0.434156378600823,219,0.450617283950617,4793,9.86213991769547,4589,9.44238683127572,0.00194444444444444
157,Elek utca,152,780,16,0.105263157894737,51,0.335526315789474,67,0.44078947368421,398,2.61842105263158,363,2.38815789473684,0.00263888888888889
500,Sárga dűlő 23.,74,260,2,0.027027027027027,30,0.405405405405405,32,0.432432432432432,201,2.71621621621622,170,2.2972972972973,0.00190972222222222
002,35-ös út,483,2617,184,0.380952380952381,17,0.0351966873706004,201,0.416149068322981,4024,8.33126293995859,4204,8.70393374741201,0.00175925925925926
043,Balaton utca,490,1950,8,0.0163265306122449,194,0.395918367346939,202,0.412244897959184,1839,3.7530612244898,1650,3.36734693877551,0.00107638888888889
846,Repülőtéri út,186,540,1,0.00537634408602151,73,0.39247311827957,74,0.397849462365591,439,2.36021505376344,363,1.95161290322581,0.00122685185185185
641,Kaskötő utca,252,1297,53,0.21031746031746,46,0.182539682539683,99,0.392857142857143,698,2.76984126984127,705,2.79761904761905,0.00184027777777778
044,Balaton utca,479,1920,169,0.352818371607516,17,0.035490605427975,186,0.388308977035491,1472,3.07306889352818,1629,3.40083507306889,0.000439814814814815
396,Mentőállomás,1138,5211,164,0.144112478031634,276,0.242530755711775,440,0.38664323374341,6325,5.55799648506151,6172,5.42355008787346,0.00193287037037037
301,Kérész utca,592,2262,219,0.369932432432432,8,0.0135135135135135,227,0.383445945945946,2541,4.29222972972973,2762,4.66554054054054,0.000717592592592593
255,Ipari Park. bejáró út,257,967,2,0.00778210116731518,96,0.373540856031128,98,0.381322957198444,2125,8.26848249027238,2030,7.8988326848249,0.000914351851851852
580,Úrrétje utca,483,2617,154,0.318840579710145,29,0.0600414078674948,183,0.37888198757764,4293,8.88819875776398,4418,9.14699792960662,0.00241898148148148
502,Sárga dűlő 33.,74,260,1,0.0135135135135135,27,0.364864864864865,28,0.378378378378378,170,2.2972972972973,144,1.94594594594595,0.00233796296296296
863,Nagymacsi út,53,60,2,0.0377358490566038,18,0.339622641509434,20,0.377358490566038,25,0.471698113207547,9,0.169811320754717,0.000925925925925926
017,Állatmenhely,148,1117,3,0.0202702702702703,52,0.351351351351351,55,0.371621621621622,250,1.68918918918919,193,1.30405405405405,0.00184027777777778
324,Klauzál Gábor utca,181,570,17,0.0939226519337016,50,0.276243093922652,67,0.370165745856354,1039,5.74033149171271,1006,5.55801104972376,0.00177083333333333
598,Vekeri elágazás,141,1117,47,0.333333333333333,5,0.0354609929078014,52,0.368794326241135,809,5.73758865248227,855,6.06382978723404,0.00190972222222222
448,Ozmán utca,82,300,7,0.0853658536585366,23,0.280487804878049,30,0.365853658536585,1900,23.1707317073171,1882,22.9512195121951,0.00128472222222222
555,Téglás utca,490,1950,4,0.00816326530612245,174,0.355102040816326,178,0.363265306122449,1650,3.36734693877551,1465,2.98979591836735,0.000752314814814815
561,Thököly utca,436,1607,50,0.114678899082569,108,0.247706422018349,158,0.362385321100917,2869,6.5802752293578,2812,6.44954128440367,0.00251157407407407
018,Állatmenhely,141,1117,51,0.361702127659574,0,0,51,0.361702127659574,164,1.16312056737589,215,1.52482269503546,0.00123842592592593
341,Kopja utca,728,3949,155,0.212912087912088,106,0.145604395604396,261,0.358516483516484,9956,13.6758241758242,10010,13.75,0.00145833333333333
483,Kazár utca,70,300,24,0.342857142857143,1,0.0142857142857143,25,0.357142857142857,1036,14.8,1059,15.1285714285714,0.00311342592592593
497,Salakos bekötőút,119,620,17,0.142857142857143,25,0.210084033613445,42,0.352941176470588,991,8.32773109243698,946,7.94957983193277,0.000428240740740741
495,Salakmotorpálya,500,1957,165,0.33,11,0.022,176,0.352,1864,3.728,2024,4.048,0.00109953703703704
335,Kondorosi híd,153,1177,1,0.0065359477124183,52,0.339869281045752,53,0.34640522875817,2068,13.516339869281,2008,13.1241830065359,0.00267361111111111
839,Jedlik Ányos utca,137,500,12,0.0875912408759124,35,0.255474452554745,47,0.343065693430657,1081,7.89051094890511,1037,7.56934306569343,0.00252314814814815
090,Borzán Gáspár utca,35,121,2,0.0571428571428571,10,0.285714285714286,12,0.342857142857143,362,10.3428571428571,354,10.1142857142857,6.94444444444444e-05
209,Haláp. csárda,166,495,53,0.319277108433735,3,0.0180722891566265,56,0.337349397590361,376,2.26506024096386,425,2.56024096385542,0.000648148148148148
218,Hármashegy utca,592,2262,182,0.307432432432432,17,0.0287162162162162,199,0.336148648648649,2762,4.66554054054054,2936,4.95945945945946,0.000706018518518518
484,Ribizli utca,496,2557,46,0.092741935483871,119,0.23991935483871,165,0.332661290322581,3278,6.60887096774194,3199,6.44959677419355,0.0018287037037037
282,Kanális utca,500,1957,154,0.308,12,0.024,166,0.332,1720,3.44,1864,3.728,0.000844907407407407
556,Téglás utca,479,1920,151,0.315240083507307,6,0.0125260960334029,157,0.32776617954071,1330,2.77661795407098,1472,3.07306889352818,0.000960648148148148
857,Jász utca,251,950,5,0.0199203187250996,77,0.306772908366534,82,0.326693227091633,1344,5.35458167330677,1257,5.00796812749004,0.000555555555555556
793,Antall József utca,393,1630,103,0.262086513994911,25,0.0636132315521628,128,0.325699745547074,2712,6.90076335877863,2814,7.16030534351145,0.00181712962962963
447,Óvoda utca,570,3250,161,0.282456140350877,23,0.0403508771929825,184,0.32280701754386,7596,13.3263157894737,7741,13.580701754386,0.00153935185185185
856,Észak-Nyugati Gazdasági Övezet,53,60,0,0,17,0.320754716981132,17,0.320754716981132,17,0.320754716981132,0,,0.000173611111111111
005,Abonyi utca,415,1570,71,0.171084337349398,61,0.146987951807229,132,0.318072289156626,3287,7.92048192771084,3297,7.94457831325301,0.00258101851851852
485,Ribizli utca,444,1830,116,0.261261261261261,25,0.0563063063063063,141,0.317567567567568,4183,9.42117117117117,4286,9.65315315315315,0.00106481481481481
342,Kopja utca,754,3995,71,0.0941644562334218,168,0.222811671087533,239,0.316976127320955,11553,15.3222811671088,11453,15.1896551724138,0.00138888888888889
847,Repülőtéri út,183,540,57,0.311475409836066,1,0.00546448087431694,58,0.316939890710383,225,1.22950819672131,285,1.55737704918033,0.00103009259259259
443,Orgona utca,192,970,50,0.260416666666667,9,0.046875,59,0.307291666666667,933,4.859375,974,5.07291666666667,0.00128472222222222
319,Kismacs. Bejárati út,436,1187,3,0.00688073394495413,130,0.298165137614679,133,0.305045871559633,6019,13.8050458715596,5887,13.5022935779817,0.00152777777777778
597,Vekeri elágazás,148,1117,4,0.027027027027027,41,0.277027027027027,45,0.304054054054054,868,5.86486486486486,831,5.61486486486486,0.00144675925925926
023,Horgásztavak,148,1117,4,0.027027027027027,40,0.27027027027027,44,0.297297297297297,904,6.10810810810811,868,5.86486486486486,0.00224537037037037
256,Ipari Park. bejáró út,476,1510,107,0.224789915966387,29,0.0609243697478992,136,0.285714285714286,3051,6.40966386554622,3090,6.49159663865546,0.00140046296296296
836,Hatvan utca,36,196,10,0.277777777777778,0,0,10,0.277777777777778,108,3,119,3.30555555555556,0.000671296296296296
318,Kismacs,285,616,64,0.224561403508772,9,0.0315789473684211,73,0.256140350877193,4007,14.059649122807,4066,14.2666666666667,0.000960648148148148
212,Haláp. útőrház,166,495,39,0.234939759036145,3,0.0180722891566265,42,0.253012048192771,425,2.56024096385542,481,2.89759036144578,0.00116898148148148
377,Löszhát,114,560,26,0.228070175438596,2,0.0175438596491228,28,0.245614035087719,301,2.64035087719298,326,2.85964912280702,0.000219907407407407
830,Hosszúpályi útelágazás,70,300,11,0.157142857142857,6,0.0857142857142857,17,0.242857142857143,1030,14.7142857142857,1035,14.7857142857143,0.000844907407407407
316,Kismacs,192,970,23,0.119791666666667,23,0.119791666666667,46,0.239583333333333,822,4.28125,822,4.28125,0.00141203703703704
421,Nagycsere. fatelep,163,480,11,0.0674846625766871,27,0.165644171779141,38,0.233128834355828,676,4.14723926380368,625,3.83435582822086,-0.000324074074074074
610,Wekerle utca,575,3259,21,0.0365217391304348,113,0.196521739130435,134,0.23304347826087,8901,15.48,8802,15.3078260869565,0.00170138888888889
317,Kismacs,423,1112,20,0.0472813238770686,73,0.1725768321513,93,0.219858156028369,5807,13.7281323877069,5754,13.6028368794326,0.00155092592592593
216,Hangyás utca,483,2617,72,0.149068322981366,34,0.0703933747412008,106,0.219461697722567,4252,8.80331262939959,4293,8.88819875776398,0.00174768518518519
215,Hangyás utca,486,2596,13,0.0267489711934156,90,0.185185185185185,103,0.211934156378601,4957,10.1995884773663,4879,10.0390946502058,0.00177083333333333
211,Haláp. útőrház,163,480,0,0,33,0.202453987730061,33,0.202453987730061,493,3.02453987730061,429,2.6319018404908,0.000555555555555556
226,Határ út,119,620,5,0.0420168067226891,19,0.159663865546218,24,0.201680672268908,1005,10.360824742268,991,8.32773109243698,0.000486111111111111
320,Kismacs. Bejárati út,371,1041,73,0.196765498652291,1,0.00269541778975741,74,0.199460916442049,4577,12.3369272237197,4652,12.5390835579515,0.000694444444444444
334,Vámospércsi út,248,726,47,0.189516129032258,1,0.00403225806451613,48,0.193548387096774,1803,7.27016129032258,1876,7.56451612903226,0.000659722222222222
333,Vámospércsi út,246,711,7,0.0284552845528455,40,0.16260162601626,47,0.191056910569106,2351,9.55691056910569,2288,9.30081300813008,0.000277777777777778
567,Tócóvölgy. vasútállomás,214,848,2,0.00934579439252336,37,0.172897196261682,39,0.182242990654206,2740,12.803738317757,2649,12.3785046728972,0.00149305555555556
644,Nyugati Ipari Park. szervizút I.,286,962,41,0.143356643356643,11,0.0384615384615385,52,0.181818181818182,314,1.0979020979021,346,1.20979020979021,0.0024537037037037
861,Csonka János utca,53,60,0,0,9,0.169811320754717,9,0.169811320754717,113,2.13207547169811,104,1.9622641509434,0.00105324074074074
611,Wekerle utca,570,3250,67,0.117543859649123,25,0.043859649122807,92,0.16140350877193,7741,13.580701754386,7783,13.6543859649123,0.000833333333333333
424,Nagycsere. iskola,166,495,24,0.144578313253012,2,0.0120481927710843,26,0.156626506024096,584,3.51807228915663,602,3.62650602409639,0.00144675925925926
024,Horgásztavak,141,1117,21,0.148936170212766,1,0.00709219858156028,22,0.156028368794326,855,6.06382978723404,879,6.23404255319149,0.00144675925925926
037,Autópiac,371,1041,56,0.150943396226415,0,0,56,0.150943396226415,4652,12.5390835579515,4709,12.6927223719677,4.62962962962963e-05
223,Harstein kertek,486,2596,2,0.00411522633744856,56,0.11522633744856,58,0.119341563786008,4847,9.97325102880658,4793,9.86213991769547,0.00228009259259259
568,Tócóvölgy. vasútállomás,219,868,22,0.100456621004566,4,0.0182648401826484,26,0.118721461187215,2260,10.3196347031963,2282,10.4200913242009,0.000300925925925926
036,Autópiac,423,1112,0,0,47,0.111111111111111,47,0.111111111111111,6055,14.3144208037825,6008,14.2033096926714,0.00136574074074074
449,Ozmán utca,70,300,4,0.0571428571428571,3,0.0428571428571429,7,0.1,1035,14.7857142857143,1036,14.8,0.00134259259259259
423,Nagycsere. Iskola,163,480,0,0,16,0.098159509202454,16,0.098159509202454,740,4.5398773006135,676,4.14723926380368,-0.000173611111111111
851,Péterfia dűlő,323,603,30,0.0928792569659443,0,0,30,0.0928792569659443,3784,20.7912087912088,3807,11.7863777089783,-0.000416666666666667
011,Agrárgazdaság,486,2596,7,0.01440329218107,37,0.0761316872427984,44,0.0905349794238683,4879,10.0390946502058,4847,9.97325102880658,0.00144675925925926
110,Csereerdő,166,495,15,0.0903614457831325,0,0,15,0.0903614457831325,602,3.62650602409639,690,4.1566265060241,0.00056712962962963
422,Nagycsere. fatelep,166,495,15,0.0903614457831325,0,0,15,0.0903614457831325,569,3.42771084337349,584,3.51807228915663,0.000520833333333333
012,Agrárgazdaság,483,2617,35,0.072463768115942,1,0.0020703933747412,36,0.0745341614906832,4218,8.73291925465839,4252,8.80331262939959,0.00237268518518519
109,Csereerdő,163,480,0,0,11,0.0674846625766871,11,0.0674846625766871,788,4.83435582822086,740,4.5398773006135,0.00087962962962963
379,M35-ös autópálya,114,560,7,0.0614035087719298,0,0,7,0.0614035087719298,326,2.85964912280702,333,2.92105263157895,0.000509259259259259
854,Csonka János utca,376,663,11,0.0292553191489362,11,0.0292553191489362,22,0.0585106382978723,3438,9.1436170212766,3417,9.08776595744681,0.00104166666666667
850,Tokaji utca,18,320,0,0,1,0.0555555555555556,1,0.0555555555555556,22,1.22222222222222,21,1.16666666666667,0.000925925925925926
104,Csalogány utca,22,90,0,0,1,0.0454545454545455,1,0.0454545454545455,1,0.0454545454545455,0,0,0.000451388888888889
378,M35-ös autópálya,115,560,0,0,5,0.0434782608695652,5,0.0434782608695652,516,4.48695652173913,508,4.41739130434783,0.00206018518518519
224,Harstein kertek,483,2617,17,0.0351966873706004,3,0.0062111801242236,20,0.041407867494824,4204,8.70393374741201,4218,8.73291925465839,0.00185185185185185
431,Nagymacs. vasútállomás,77,410,0,0,3,0.038961038961039,3,0.038961038961039,329,4.27272727272727,326,4.23376623376623,0.000868055555555556
432,Nagymacs. vasútállomás,86,425,2,0.0232558139534884,1,0.0116279069767442,3,0.0348837209302326,357,4.15116279069767,358,4.16279069767442,0.000972222222222222
609,Vízmű,369,1110,11,0.029810298102981,1,0.002710027100271,12,0.032520325203252,3833,10.3875338753388,3959,10.7289972899729,0.000324074074074074
096,Budai Nagy Antal utca,1012,4247,2,0.00197628458498024,29,0.0286561264822134,31,0.0306324110671937,4555,4.50098814229249,4447,4.39426877470356,0.0012037037037037
549,Tábor bejáró út,171,613,2,0.0116959064327485,3,0.0175438596491228,5,0.0292397660818713,2388,13.9649122807018,2382,13.9298245614035,0.00155092592592593
276,Kádár dűlő,115,560,0,0,3,0.0260869565217391,3,0.0260869565217391,437,3.8,434,3.77391304347826,0.00228009259259259
579,TV-torony,152,588,3,0.0197368421052632,0,0,3,0.0197368421052632,968,6.36842105263158,971,6.38815789473684,0.00128472222222222
578,TV-torony,171,613,0,0,3,0.0175438596491228,3,0.0175438596491228,2382,13.9298245614035,2379,13.9122807017544,0.00420138888888889
840,Ecopro Global Hungary Zrt.,137,500,0,0,2,0.0145985401459854,2,0.0145985401459854,1037,7.56934306569343,1035,7.55474452554744,0.00390046296296296
550,Tábor bejáró út,152,588,1,0.00657894736842105,1,0.00657894736842105,2,0.0131578947368421,971,6.38815789473684,973,6.40131578947368,0.000324074074074074
190,Honvéd Középiskola,398,1306,3,0.00753768844221106,0,0,3,0.00753768844221106,4132,10.3819095477387,4158,10.4472361809045,0.00107638888888889
189,Honvéd Középiskola,440,1358,1,0.00227272727272727,2,0.00454545454545454,3,0.00681818181818182,5693,12.9386363636364,5539,12.5886363636364,0.00140046296296296
225,Határ út,22,90,0,0,0,0,0,0,0,0,0,,0.000787037037037037
277,Kádár dűlő,114,560,0,0,0,0,0,0,301,2.64035087719298,301,2.64035087719298,
364,Látóképi Csárda,86,425,0,0,0,0,0,0,358,4.16279069767442,357,4.15116279069767,
004,9. kilométerkő,114,560,0,0,0,0,0,0,301,2.64035087719298,301,2.64035087719298,
202,HAJDÚKOMM,22,90,0,0,0,0,0,0,0,0,0,0,
321,Kistemplom,1,30,0,0,0,0,0,0,2,2,2,2,
496,Salakos bekötőút,22,90,0,0,0,0,0,0,0,0,0,0,
363,Látóképi Csárda,77,410,0,0,0,0,0,0,328,4.25974025974026,329,4.27272727272727,
548,Szováti elágazás,97,530,0,0,0,0,0,0,1014,10.4536082474227,1005,10.360824742268,
003,9. kilométerkő,115,560,0,0,0,0,0,0,434,3.77391304347826,434,3.77391304347826,
621,Hadházi út. vizsgaközpont,55,60,0,0,0,0,0,0,1058,19.2363636363636,1058,19.2363636363636,
837,Nagy Imre utca,4,21,0,0,0,0,0,0,14,3.5,14,3.5,
123,Kálvin tér ,0,7200,0,,0,,0,,0,,0,,
124,Kálvin tér ,0,7200,0,,0,,0,,0,,0,,
138,Diószegi út,0,0,0,,0,,0,,0,,0,,
464,Péterfia dűlő,0,0,0,,0,,0,,0,,0,,
470,Piac utca,0,0,0,,0,,0,,0,,0,,
468,Petőfi tér,0,0,0,,0,,0,,0,,0,,
588,Vágóhíd utca. felüljáró,0,0,0,,0,,0,,0,,0,,
589,Városháza ,0,7200,0,,0,,0,,0,,0,,
344,Kossuth tér ,0,7200,0,,0,,0,,0,,0,,
591,Vásáry István utca ,0,7200,0,,0,,0,,0,,0,,
636,Bölcs utca,0,0,0,,0,,0,,0,,0,,
587,Vágóhíd utca,0,0,0,,0,,0,,0,,0,,
060,Béke major,0,0,0,,0,,0,,0,,0,,
638,Klinikai Központ Kenézy Campus,0,0,0,,0,,0,,0,,0,,
665,Károlyi Mihály utca. villamos,0,3570,0,,0,,0,,0,,0,,
823,Szováti elágazás,0,0,0,,0,,0,,0,,0,,
400,Miklós utca,0,0,0,,0,,0,,0,,0,,
465,Péterfia dűlő,0,0,0,,0,,0,,0,,0,,
634,Csigekert utca,0,0,0,,0,,0,,0,,0,,
669,Árpád Vezér Általános Iskola. villamos,0,3570,0,,0,,0,,0,,0,,
554,Tegez utca,0,0,0,,0,,0,,0,,0,,
676,Dózsa György utca,0,3570,0,,0,,0,,0,,0,,
818,Krones Hungary Kft.,0,0,0,,0,,0,,0,,0,,
590,Városháza ,0,7200,0,,0,,0,,0,,0,,
664,DAB székház. villamos,0,3570,0,,0,,0,,0,,0,,
666,Csokonai Vitéz Mihály Gimnázium,0,3570,0,,0,,0,,0,,0,,
667,Kartács utca,0,3570,0,,0,,0,,0,,0,,
670,Görgey utca,0,3570,0,,0,,0,,0,,0,,
675,Nádor utca,0,3570,0,,0,,0,,0,,0,,
677,Csemete utca,0,3570,0,,0,,0,,0,,0,,
533,Szent Anna utca ,0,7200,0,,0,,0,,0,,0,,
623,Nagyállomás. villamos ,0,7200,0,,0,,0,,0,,0,,
619,Falóger,0,0,0,,0,,0,,0,,0,,
633,Szabó Lőrinc utca,0,0,0,,0,,0,,0,,0,,
635,Csigekert utca,0,0,0,,0,,0,,0,,0,,
637,Bölcs utca,0,0,0,,0,,0,,0,,0,,
632,Szabó Lőrinc utca,0,0,0,,0,,0,,0,,0,,
663,Szent László Görögkatolikus Gimnázium.v.,0,3570,0,,0,,0,,0,,0,,
661,Dózsa György utca,0,3570,0,,0,,0,,0,,0,,
662,Nádor utca,0,3570,0,,0,,0,,0,,0,,
668,Doberdó utca. villamos,0,3570,0,,0,,0,,0,,0,,
671,Csokonai Vitéz Mihály Gimnázium,0,3570,0,,0,,0,,0,,0,,
674,Szent László Görögkatolikus Gimnázium.v.,0,3570,0,,0,,0,,0,,0,,
343,Kossuth tér ,0,7200,0,,0,,0,,0,,0,,
475,Pósa utca,0,0,0,,0,,0,,0,,0,,
534,Szent Anna utca ,0,7200,0,,0,,0,,0,,0,,
059,Béke major,0,0,0,,0,,0,,0,,0,,
592,Vásáry István utca ,0,7200,0,,0,,0,,0,,0,,
624,Nagyállomás. villamos ,0,7200,0,,0,,0,,0,,0,,
659,Kölcsey Központ (Hunyadi J. u.).villamos,0,3570,0,,0,,0,,0,,0,,
660,Csemete utca,0,3570,0,,0,,0,,0,,0,,
672,Károlyi Mihály utca. villamos,0,3570,0,,0,,0,,0,,0,,
673,DAB székház. villamos,0,3570,0,,0,,0,,0,,0,,
678,Kölcsey Központ (Hunyadi J. u.).villamos,0,3570,0,,0,,0,,0,,0,,
121,DAB-székház,0,0,0,,0,,0,,0,,0,,
125,Egyetem,0,3630,0,,0,,0,,0,,0,,
197,Aquaticum,0,3630,0,,0,,0,,0,,0,,
248,Honvéd utca,0,3630,0,,0,,0,,0,,0,,
161,Eötvös utca,0,3630,0,,0,,0,,0,,0,,
022,Andaházi utca,0,3630,0,,0,,0,,0,,0,,
328,Klinikai Központ Nagyerdei Campus,0,3630,0,,0,,0,,0,,0,,
066,Bem tér,0,3630,0,,0,,0,,0,,0,,
427,Nagyerdei krt.,0,3630,0,,0,,0,,0,,0,,
614,Weszprémy utca,0,3630,0,,0,,0,,0,,0,,
065,Bem tér,0,3630,0,,0,,0,,0,,0,,
103,Auchan Áruház,0,0,0,,0,,0,,0,,0,,
394,Medgyessy sétány,0,3630,0,,0,,0,,0,,0,,
742,Kálvin tér ,0,0,0,,0,,0,,0,,0,,
705,Nagyerdei krt.,0,0,0,,0,,0,,0,,0,,
721,Aquaticum,0,0,0,,0,,0,,0,,0,,
028,Böszörményi út 151.,0,30,0,,0,,0,,0,,0,,
402,Mikszáth Kálmán utca,0,0,0,,0,,0,,0,,0,,
703,Bem tér,0,0,0,,0,,0,,0,,0,,
704,Bem tér,0,0,0,,0,,0,,0,,0,,
706,Aquaticum,0,0,0,,0,,0,,0,,0,,
710,Honvéd utca,0,0,0,,0,,0,,0,,0,,
718,Weszprémy utca,0,0,0,,0,,0,,0,,0,,
720,Andaházi utca,0,0,0,,0,,0,,0,,0,,
725,Csemete utca,0,0,0,,0,,0,,0,,0,,
744,Károlyi Mihály utca. villamos,0,0,0,,0,,0,,0,,0,,
768,Eötvös utca,0,0,0,,0,,0,,0,,0,,
834,Csokonai Vitéz Mihály Gimnázium,0,0,0,,0,,0,,0,,0,,
835,Ibolya utca,0,0,0,,0,,0,,0,,0,,
842,Kálvin tér ,0,0,0,,0,,0,,0,,0,,
287,Károlyi Mihály utca,0,0,0,,0,,0,,0,,0,,
844,ÉNY Gazdasági Övezet,0,0,0,,0,,0,,0,,0,,
722,Bem tér,0,0,0,,0,,0,,0,,0,,
737,Eötvös utca,0,0,0,,0,,0,,0,,0,,
754,Nagyerdei krt.,0,0,0,,0,,0,,0,,0,,
859,Ruyter utca ID,0,0,0,,0,,0,,0,,0,,
860,Mák utca ID,0,0,0,,0,,0,,0,,0,,
864,Huszár Gál utca,0,0,0,,0,,0,,0,,0,,
,Total,296184,1558175,350020,1.18176538908246,347961,1.17481362936553,697981,2.35657901844799,,8.70870066928225,,8.70870066928225,0.00155092592592593
